{
  "type": "FeatureCollection",
  "features": [
    {
      "type": "Feature",
      "geometry": {
        "type": "LineString",
        "coordinates": [
          [
            110.2105,
            18.628
          ],
          [
            110.21088888888889,
            18.62788888888889
          ],
          [
            110.21127777777778,
            18.627777777777776
          ],
          [
            110.21166666666666,
            18.627666666666666
          ],
          [
            110.21205555555555,
            18.627555555555556
          ],
          [
            110.21244444444444,
            18.627444444444443
          ],
          [
            110.21283333333334,
            18.627333333333333
          ],
          [
            110.21322222222221,
            18.627222222222223
          ],
          [
            110.2136111111111,
            18.62711111111111
          ],
          [
            110.214,
            18.627
          ],
          [
            110.21440909090909,
            18.62690909090909
          ],
          [
            110.21481818181819,
            18.62681818181818
          ],
          [
            110.21522727272728,
            18.626727272727273
          ],
          [
            110.21563636363636,
            18.626636363636365
          ],
          [
            110.21604545454545,
            18.626545454545454
          ],
          [
            110.21645454545455,
            18.626454545454546
          ],
          [
            110.21686363636364,
            18.626363636363635
          ],
          [
            110.21727272727273,
            18.626272727272728
          ],
          [
            110.21768181818182,
            18.62618181818182
          ],
          [
            110.21809090909092,
            18.62609090909091
          ],
          [
            110.2185,
            18.626
          ],
          [
            110.21893846153847,
            18.626
          ],
          [
            110.21937692307692,
            18.626
          ],
          [
            110.21981538461539,
            18.626
          ],
          [
            110.22025384615385,
            18.626
          ],
          [
            110.2206923076923,
            18.626
          ],
          [
            110.22113076923077,
            18.626
          ],
          [
            110.22156923076923,
            18.626
          ],
          [
            110.2220076923077,
            18.626
          ],
          [
            110.22244615384615,
            18.626
          ],
          [
            110.22288461538461,
            18.626
          ],
          [
            110.22332307692308,
            18.626
          ],
          [
            110.22376153846153,
            18.626
          ],
          [
            110.2242,
            18.626
          ],
          [
            110.22410175196278,
            18.6263
          ],
          [
            110.22400350392554,
            18.626600000000003
          ],
          [
            110.22390525588833,
            18.626900000000003
          ],
          [
            110.22363683725888,
            18.627119615242272
          ],
          [
            110.22336841862943,
            18.627339230484544
          ],
          [
            110.22309999999999,
            18.627558845726814
          ],
          [
            110.22273333333332,
            18.627639230484544
          ],
          [
            110.22236666666666,
            18.62771961524227
          ],
          [
            110.222,
            18.6278
          ],
          [
            110.22163333333333,
            18.62771961524227
          ],
          [
            110.22126666666666,
            18.627639230484544
          ],
          [
            110.2209,
            18.627558845726814
          ],
          [
            110.22063158137055,
            18.627339230484544
          ],
          [
            110.22036316274111,
            18.627119615242272
          ],
          [
            110.22009474411166,
            18.626900000000003
          ],
          [
            110.21999649607444,
            18.626600000000003
          ],
          [
            110.21989824803721,
            18.6263
          ],
          [
            110.21979999999999,
            18.626
          ],
          [
            110.21989824803721,
            18.625700000000002
          ],
          [
            110.21999649607444,
            18.6254
          ],
          [
            110.22009474411166,
            18.6251
          ],
          [
            110.22036316274111,
            18.62488038475773
          ],
          [
            110.22063158137055,
            18.624660769515458
          ],
          [
            110.2209,
            18.62444115427319
          ],
          [
            110.22126666666666,
            18.62436076951546
          ],
          [
            110.22163333333333,
            18.624280384757732
          ],
          [
            110.222,
            18.624200000000002
          ],
          [
            110.22236666666666,
            18.624280384757732
          ],
          [
            110.22273333333332,
            18.62436076951546
          ],
          [
            110.22309999999999,
            18.62444115427319
          ],
          [
            110.22336841862943,
            18.624660769515458
          ],
          [
            110.22363683725888,
            18.62488038475773
          ],
          [
            110.22390525588833,
            18.6251
          ],
          [
            110.22400350392554,
            18.6254
          ],
          [
            110.22410175196278,
            18.625700000000002
          ],
          [
            110.2242,
            18.626
          ],
          [
            110.22430857142857,
            18.625585714285716
          ],
          [
            110.22441714285713,
            18.62517142857143
          ],
          [
            110.2245257142857,
            18.624757142857145
          ],
          [
            110.22463428571429,
            18.624342857142857
          ],
          [
            110.22474285714286,
            18.62392857142857
          ],
          [
            110.22485142857143,
            18.623514285714286
          ],
          [
            110.22496,
            18.6231
          ],
          [
            110.22506857142857,
            18.622685714285716
          ],
          [
            110.22517714285713,
            18.62227142857143
          ],
          [
            110.2252857142857,
            18.621857142857145
          ],
          [
            110.22539428571429,
            18.621442857142856
          ],
          [
            110.22550285714286,
            18.62102857142857
          ],
          [
            110.22561142857143,
            18.620614285714286
          ],
          [
            110.22572,
            18.6202
          ],
          [
            110.22582857142856,
            18.619785714285715
          ],
          [
            110.22593714285713,
            18.61937142857143
          ],
          [
            110.2260457142857,
            18.618957142857145
          ],
          [
            110.22615428571429,
            18.618542857142856
          ],
          [
            110.22626285714286,
            18.61812857142857
          ],
          [
            110.22637142857143,
            18.617714285714285
          ],
          [
            110.22648,
            18.6173
          ],
          [
            110.22658857142856,
            18.616885714285715
          ],
          [
            110.22669714285713,
            18.61647142857143
          ],
          [
            110.2268057142857,
            18.616057142857144
          ],
          [
            110.22691428571429,
            18.615642857142856
          ],
          [
            110.22702285714286,
            18.61522857142857
          ],
          [
            110.22713142857143,
            18.614814285714285
          ],
          [
            110.22724,
            18.6144
          ],
          [
            110.22734857142856,
            18.613985714285715
          ],
          [
            110.22745714285713,
            18.61357142857143
          ],
          [
            110.2275657142857,
            18.613157142857144
          ],
          [
            110.22767428571429,
            18.612742857142855
          ],
          [
            110.22778285714286,
            18.61232857142857
          ],
          [
            110.22789142857143,
            18.611914285714285
          ],
          [
            110.228,
            18.6115
          ],
          [
            110.228,
            18.6115
          ],
          [
            110.22845454545454,
            18.6115
          ],
          [
            110.22890909090908,
            18.6115
          ],
          [
            110.22936363636363,
            18.6115
          ],
          [
            110.22981818181817,
            18.6115
          ],
          [
            110.23027272727272,
            18.6115
          ],
          [
            110.23072727272726,
            18.6115
          ],
          [
            110.23118181818181,
            18.6115
          ],
          [
            110.23163636363635,
            18.6115
          ],
          [
            110.2320909090909,
            18.6115
          ],
          [
            110.23254545454544,
            18.6115
          ],
          [
            110.23299999999999,
            18.6115
          ],
          [
            110.23345454545453,
            18.6115
          ],
          [
            110.23390909090908,
            18.6115
          ],
          [
            110.23436363636363,
            18.6115
          ],
          [
            110.23481818181817,
            18.6115
          ],
          [
            110.23527272727272,
            18.6115
          ],
          [
            110.23572727272727,
            18.6115
          ],
          [
            110.23618181818182,
            18.6115
          ],
          [
            110.23663636363636,
            18.6115
          ],
          [
            110.23709090909091,
            18.6115
          ],
          [
            110.23754545454545,
            18.6115
          ],
          [
            110.238,
            18.6115
          ],
          [
            110.23845454545454,
            18.6115
          ],
          [
            110.23890909090909,
            18.6115
          ],
          [
            110.23936363636363,
            18.6115
          ],
          [
            110.23981818181818,
            18.6115
          ],
          [
            110.24027272727272,
            18.6115
          ],
          [
            110.24072727272727,
            18.6115
          ],
          [
            110.24118181818181,
            18.6115
          ],
          [
            110.24163636363636,
            18.6115
          ],
          [
            110.2420909090909,
            18.6115
          ],
          [
            110.24254545454545,
            18.6115
          ],
          [
            110.243,
            18.6115
          ],
          [
            110.24345454545454,
            18.6115
          ],
          [
            110.24390909090909,
            18.6115
          ],
          [
            110.24436363636363,
            18.6115
          ],
          [
            110.24481818181818,
            18.6115
          ],
          [
            110.24527272727272,
            18.6115
          ],
          [
            110.24572727272727,
            18.6115
          ],
          [
            110.24618181818181,
            18.6115
          ],
          [
            110.24663636363636,
            18.6115
          ],
          [
            110.2470909090909,
            18.6115
          ],
          [
            110.24754545454545,
            18.6115
          ],
          [
            110.24799999999999,
            18.6115
          ],
          [
            110.24845454545454,
            18.6115
          ],
          [
            110.24890909090908,
            18.6115
          ],
          [
            110.24936363636363,
            18.6115
          ],
          [
            110.24981818181817,
            18.6115
          ],
          [
            110.25027272727272,
            18.6115
          ],
          [
            110.25072727272727,
            18.6115
          ],
          [
            110.25118181818182,
            18.6115
          ],
          [
            110.25163636363636,
            18.6115
          ],
          [
            110.25209090909091,
            18.6115
          ],
          [
            110.25254545454546,
            18.6115
          ],
          [
            110.253,
            18.6115
          ],
          [
            110.25345454545455,
            18.6115
          ],
          [
            110.25390909090909,
            18.6115
          ],
          [
            110.25436363636364,
            18.6115
          ],
          [
            110.25481818181818,
            18.6115
          ],
          [
            110.25527272727273,
            18.6115
          ],
          [
            110.25572727272727,
            18.6115
          ],
          [
            110.25618181818182,
            18.6115
          ],
          [
            110.25663636363636,
            18.6115
          ],
          [
            110.2570909090909,
            18.6115
          ],
          [
            110.25754545454545,
            18.6115
          ],
          [
            110.258,
            18.6115
          ],
          [
            110.2584,
            18.61162
          ],
          [
            110.2588,
            18.611739999999998
          ],
          [
            110.25919999999999,
            18.61186
          ],
          [
            110.25959999999999,
            18.61198
          ],
          [
            110.25999999999999,
            18.612099999999998
          ],
          [
            110.25999999999999,
            18.6124375
          ],
          [
            110.25999999999999,
            18.612775
          ],
          [
            110.25999999999999,
            18.6131125
          ],
          [
            110.25999999999999,
            18.61345
          ],
          [
            110.25959999999999,
            18.61357
          ],
          [
            110.25919999999999,
            18.61369
          ],
          [
            110.2588,
            18.61381
          ],
          [
            110.2584,
            18.61393
          ],
          [
            110.258,
            18.61405
          ],
          [
            110.25754545454545,
            18.61405
          ],
          [
            110.2570909090909,
            18.61405
          ],
          [
            110.25663636363636,
            18.61405
          ],
          [
            110.25618181818182,
            18.61405
          ],
          [
            110.25572727272727,
            18.61405
          ],
          [
            110.25527272727273,
            18.61405
          ],
          [
            110.25481818181818,
            18.61405
          ],
          [
            110.25436363636364,
            18.61405
          ],
          [
            110.25390909090909,
            18.61405
          ],
          [
            110.25345454545455,
            18.61405
          ],
          [
            110.253,
            18.61405
          ],
          [
            110.25254545454546,
            18.61405
          ],
          [
            110.25209090909091,
            18.61405
          ],
          [
            110.25163636363636,
            18.61405
          ],
          [
            110.25118181818182,
            18.61405
          ],
          [
            110.25072727272727,
            18.61405
          ],
          [
            110.25027272727272,
            18.61405
          ],
          [
            110.24981818181817,
            18.61405
          ],
          [
            110.24936363636363,
            18.61405
          ],
          [
            110.24890909090908,
            18.61405
          ],
          [
            110.24845454545454,
            18.61405
          ],
          [
            110.24799999999999,
            18.61405
          ],
          [
            110.24754545454545,
            18.61405
          ],
          [
            110.2470909090909,
            18.61405
          ],
          [
            110.24663636363636,
            18.61405
          ],
          [
            110.24618181818181,
            18.61405
          ],
          [
            110.24572727272727,
            18.61405
          ],
          [
            110.24527272727272,
            18.61405
          ],
          [
            110.24481818181818,
            18.61405
          ],
          [
            110.24436363636363,
            18.61405
          ],
          [
            110.24390909090909,
            18.61405
          ],
          [
            110.24345454545454,
            18.61405
          ],
          [
            110.243,
            18.61405
          ],
          [
            110.24254545454545,
            18.61405
          ],
          [
            110.2420909090909,
            18.61405
          ],
          [
            110.24163636363636,
            18.61405
          ],
          [
            110.24118181818181,
            18.61405
          ],
          [
            110.24072727272727,
            18.61405
          ],
          [
            110.24027272727272,
            18.61405
          ],
          [
            110.23981818181818,
            18.61405
          ],
          [
            110.23936363636363,
            18.61405
          ],
          [
            110.23890909090909,
            18.61405
          ],
          [
            110.23845454545454,
            18.61405
          ],
          [
            110.238,
            18.61405
          ],
          [
            110.23754545454545,
            18.61405
          ],
          [
            110.23709090909091,
            18.61405
          ],
          [
            110.23663636363636,
            18.61405
          ],
          [
            110.23618181818182,
            18.61405
          ],
          [
            110.23572727272727,
            18.61405
          ],
          [
            110.23527272727272,
            18.61405
          ],
          [
            110.23481818181817,
            18.61405
          ],
          [
            110.23436363636363,
            18.61405
          ],
          [
            110.23390909090908,
            18.61405
          ],
          [
            110.23345454545453,
            18.61405
          ],
          [
            110.23299999999999,
            18.61405
          ],
          [
            110.23254545454544,
            18.61405
          ],
          [
            110.2320909090909,
            18.61405
          ],
          [
            110.23163636363635,
            18.61405
          ],
          [
            110.23118181818181,
            18.61405
          ],
          [
            110.23072727272726,
            18.61405
          ],
          [
            110.23027272727272,
            18.61405
          ],
          [
            110.22981818181817,
            18.61405
          ],
          [
            110.22936363636363,
            18.61405
          ],
          [
            110.22890909090908,
            18.61405
          ],
          [
            110.22845454545454,
            18.61405
          ],
          [
            110.228,
            18.61405
          ],
          [
            110.2276,
            18.614169999999998
          ],
          [
            110.2272,
            18.614289999999997
          ],
          [
            110.2268,
            18.61441
          ],
          [
            110.2264,
            18.61453
          ],
          [
            110.226,
            18.614649999999997
          ],
          [
            110.226,
            18.614987499999998
          ],
          [
            110.226,
            18.615325
          ],
          [
            110.226,
            18.6156625
          ],
          [
            110.226,
            18.616
          ],
          [
            110.2264,
            18.61612
          ],
          [
            110.2268,
            18.616239999999998
          ],
          [
            110.2272,
            18.61636
          ],
          [
            110.2276,
            18.61648
          ],
          [
            110.228,
            18.6166
          ],
          [
            110.22845454545454,
            18.6166
          ],
          [
            110.22890909090908,
            18.6166
          ],
          [
            110.22936363636363,
            18.6166
          ],
          [
            110.22981818181817,
            18.6166
          ],
          [
            110.23027272727272,
            18.6166
          ],
          [
            110.23072727272726,
            18.6166
          ],
          [
            110.23118181818181,
            18.6166
          ],
          [
            110.23163636363635,
            18.6166
          ],
          [
            110.2320909090909,
            18.6166
          ],
          [
            110.23254545454544,
            18.6166
          ],
          [
            110.23299999999999,
            18.6166
          ],
          [
            110.23345454545453,
            18.6166
          ],
          [
            110.23390909090908,
            18.6166
          ],
          [
            110.23436363636363,
            18.6166
          ],
          [
            110.23481818181817,
            18.6166
          ],
          [
            110.23527272727272,
            18.6166
          ],
          [
            110.23572727272727,
            18.6166
          ],
          [
            110.23618181818182,
            18.6166
          ],
          [
            110.23663636363636,
            18.6166
          ],
          [
            110.23709090909091,
            18.6166
          ],
          [
            110.23754545454545,
            18.6166
          ],
          [
            110.238,
            18.6166
          ],
          [
            110.23845454545454,
            18.6166
          ],
          [
            110.23890909090909,
            18.6166
          ],
          [
            110.23936363636363,
            18.6166
          ],
          [
            110.23981818181818,
            18.6166
          ],
          [
            110.24027272727272,
            18.6166
          ],
          [
            110.24072727272727,
            18.6166
          ],
          [
            110.24118181818181,
            18.6166
          ],
          [
            110.24163636363636,
            18.6166
          ],
          [
            110.2420909090909,
            18.6166
          ],
          [
            110.24254545454545,
            18.6166
          ],
          [
            110.243,
            18.6166
          ],
          [
            110.24345454545454,
            18.6166
          ],
          [
            110.24390909090909,
            18.6166
          ],
          [
            110.24436363636363,
            18.6166
          ],
          [
            110.24481818181818,
            18.6166
          ],
          [
            110.24527272727272,
            18.6166
          ],
          [
            110.24572727272727,
            18.6166
          ],
          [
            110.24618181818181,
            18.6166
          ],
          [
            110.24663636363636,
            18.6166
          ],
          [
            110.2470909090909,
            18.6166
          ],
          [
            110.24754545454545,
            18.6166
          ],
          [
            110.24799999999999,
            18.6166
          ],
          [
            110.24845454545454,
            18.6166
          ],
          [
            110.24890909090908,
            18.6166
          ],
          [
            110.24936363636363,
            18.6166
          ],
          [
            110.24981818181817,
            18.6166
          ],
          [
            110.25027272727272,
            18.6166
          ],
          [
            110.25072727272727,
            18.6166
          ],
          [
            110.25118181818182,
            18.6166
          ],
          [
            110.25163636363636,
            18.6166
          ],
          [
            110.25209090909091,
            18.6166
          ],
          [
            110.25254545454546,
            18.6166
          ],
          [
            110.253,
            18.6166
          ],
          [
            110.25345454545455,
            18.6166
          ],
          [
            110.25390909090909,
            18.6166
          ],
          [
            110.25436363636364,
            18.6166
          ],
          [
            110.25481818181818,
            18.6166
          ],
          [
            110.25527272727273,
            18.6166
          ],
          [
            110.25572727272727,
            18.6166
          ],
          [
            110.25618181818182,
            18.6166
          ],
          [
            110.25663636363636,
            18.6166
          ],
          [
            110.2570909090909,
            18.6166
          ],
          [
            110.25754545454545,
            18.6166
          ],
          [
            110.258,
            18.6166
          ],
          [
            110.2584,
            18.616719999999997
          ],
          [
            110.2588,
            18.616839999999996
          ],
          [
            110.25919999999999,
            18.61696
          ],
          [
            110.25959999999999,
            18.617079999999998
          ],
          [
            110.25999999999999,
            18.617199999999997
          ],
          [
            110.25999999999999,
            18.617537499999997
          ],
          [
            110.25999999999999,
            18.617874999999998
          ],
          [
            110.25999999999999,
            18.618212500000002
          ],
          [
            110.25999999999999,
            18.618550000000003
          ],
          [
            110.25959999999999,
            18.61867
          ],
          [
            110.25919999999999,
            18.61879
          ],
          [
            110.2588,
            18.618910000000003
          ],
          [
            110.2584,
            18.619030000000002
          ],
          [
            110.258,
            18.61915
          ],
          [
            110.25754545454545,
            18.61915
          ],
          [
            110.2570909090909,
            18.61915
          ],
          [
            110.25663636363636,
            18.61915
          ],
          [
            110.25618181818182,
            18.61915
          ],
          [
            110.25572727272727,
            18.61915
          ],
          [
            110.25527272727273,
            18.61915
          ],
          [
            110.25481818181818,
            18.61915
          ],
          [
            110.25436363636364,
            18.61915
          ],
          [
            110.25390909090909,
            18.61915
          ],
          [
            110.25345454545455,
            18.61915
          ],
          [
            110.253,
            18.61915
          ],
          [
            110.25254545454546,
            18.61915
          ],
          [
            110.25209090909091,
            18.61915
          ],
          [
            110.25163636363636,
            18.61915
          ],
          [
            110.25118181818182,
            18.61915
          ],
          [
            110.25072727272727,
            18.61915
          ],
          [
            110.25027272727272,
            18.61915
          ],
          [
            110.24981818181817,
            18.61915
          ],
          [
            110.24936363636363,
            18.61915
          ],
          [
            110.24890909090908,
            18.61915
          ],
          [
            110.24845454545454,
            18.61915
          ],
          [
            110.24799999999999,
            18.61915
          ],
          [
            110.24754545454545,
            18.61915
          ],
          [
            110.2470909090909,
            18.61915
          ],
          [
            110.24663636363636,
            18.61915
          ],
          [
            110.24618181818181,
            18.61915
          ],
          [
            110.24572727272727,
            18.61915
          ],
          [
            110.24527272727272,
            18.61915
          ],
          [
            110.24481818181818,
            18.61915
          ],
          [
            110.24436363636363,
            18.61915
          ],
          [
            110.24390909090909,
            18.61915
          ],
          [
            110.24345454545454,
            18.61915
          ],
          [
            110.243,
            18.61915
          ],
          [
            110.24254545454545,
            18.61915
          ],
          [
            110.2420909090909,
            18.61915
          ],
          [
            110.24163636363636,
            18.61915
          ],
          [
            110.24118181818181,
            18.61915
          ],
          [
            110.24072727272727,
            18.61915
          ],
          [
            110.24027272727272,
            18.61915
          ],
          [
            110.23981818181818,
            18.61915
          ],
          [
            110.23936363636363,
            18.61915
          ],
          [
            110.23890909090909,
            18.61915
          ],
          [
            110.23845454545454,
            18.61915
          ],
          [
            110.238,
            18.61915
          ],
          [
            110.23754545454545,
            18.61915
          ],
          [
            110.23709090909091,
            18.61915
          ],
          [
            110.23663636363636,
            18.61915
          ],
          [
            110.23618181818182,
            18.61915
          ],
          [
            110.23572727272727,
            18.61915
          ],
          [
            110.23527272727272,
            18.61915
          ],
          [
            110.23481818181817,
            18.61915
          ],
          [
            110.23436363636363,
            18.61915
          ],
          [
            110.23390909090908,
            18.61915
          ],
          [
            110.23345454545453,
            18.61915
          ],
          [
            110.23299999999999,
            18.61915
          ],
          [
            110.23254545454544,
            18.61915
          ],
          [
            110.2320909090909,
            18.61915
          ],
          [
            110.23163636363635,
            18.61915
          ],
          [
            110.23118181818181,
            18.61915
          ],
          [
            110.23072727272726,
            18.61915
          ],
          [
            110.23027272727272,
            18.61915
          ],
          [
            110.22981818181817,
            18.61915
          ],
          [
            110.22936363636363,
            18.61915
          ],
          [
            110.22890909090908,
            18.61915
          ],
          [
            110.22845454545454,
            18.61915
          ],
          [
            110.228,
            18.61915
          ],
          [
            110.227925,
            18.61957125
          ],
          [
            110.22784999999999,
            18.619992500000002
          ],
          [
            110.227775,
            18.62041375
          ],
          [
            110.2277,
            18.620835
          ],
          [
            110.22762499999999,
            18.621256250000002
          ],
          [
            110.22755,
            18.6216775
          ],
          [
            110.227475,
            18.62209875
          ],
          [
            110.22739999999999,
            18.62252
          ],
          [
            110.227325,
            18.62294125
          ],
          [
            110.22725,
            18.6233625
          ],
          [
            110.22717499999999,
            18.62378375
          ],
          [
            110.2271,
            18.624205
          ],
          [
            110.227025,
            18.624626250000002
          ],
          [
            110.22694999999999,
            18.6250475
          ],
          [
            110.22687499999999,
            18.62546875
          ],
          [
            110.2268,
            18.625890000000002
          ],
          [
            110.22672499999999,
            18.62631125
          ],
          [
            110.22664999999999,
            18.6267325
          ],
          [
            110.226575,
            18.62715375
          ],
          [
            110.22649999999999,
            18.627575
          ],
          [
            110.22642499999999,
            18.62799625
          ],
          [
            110.22635,
            18.6284175
          ],
          [
            110.226275,
            18.62883875
          ],
          [
            110.22619999999999,
            18.62926
          ],
          [
            110.226125,
            18.62968125
          ],
          [
            110.22605,
            18.6301025
          ],
          [
            110.22597499999999,
            18.63052375
          ],
          [
            110.2259,
            18.630945
          ],
          [
            110.225825,
            18.63136625
          ],
          [
            110.22574999999999,
            18.6317875
          ],
          [
            110.225675,
            18.63220875
          ],
          [
            110.2256,
            18.63263
          ],
          [
            110.22552499999999,
            18.63305125
          ],
          [
            110.22545,
            18.6334725
          ],
          [
            110.225375,
            18.63389375
          ],
          [
            110.22529999999999,
            18.634315
          ],
          [
            110.225225,
            18.63473625
          ],
          [
            110.22515,
            18.6351575
          ],
          [
            110.22507499999999,
            18.63557875
          ],
          [
            110.225,
            18.636
          ],
          [
            110.22457142857142,
            18.63585714285714
          ],
          [
            110.22414285714285,
            18.635714285714286
          ],
          [
            110.22371428571428,
            18.635571428571428
          ],
          [
            110.22328571428571,
            18.63542857142857
          ],
          [
            110.22285714285714,
            18.635285714285715
          ],
          [
            110.22242857142857,
            18.635142857142856
          ],
          [
            110.222,
            18.634999999999998
          ],
          [
            110.22157142857142,
            18.634857142857143
          ],
          [
            110.22114285714285,
            18.634714285714285
          ],
          [
            110.22071428571428,
            18.63457142857143
          ],
          [
            110.22028571428571,
            18.634428571428572
          ],
          [
            110.21985714285714,
            18.634285714285713
          ],
          [
            110.21942857142857,
            18.63414285714286
          ],
          [
            110.219,
            18.634
          ],
          [
            110.21868749999999,
            18.6336875
          ],
          [
            110.218375,
            18.633375
          ],
          [
            110.2180625,
            18.6330625
          ],
          [
            110.21775,
            18.63275
          ],
          [
            110.21743749999999,
            18.6324375
          ],
          [
            110.217125,
            18.632125000000002
          ],
          [
            110.2168125,
            18.631812500000002
          ],
          [
            110.2165,
            18.631500000000003
          ],
          [
            110.21618749999999,
            18.6311875
          ],
          [
            110.215875,
            18.630875
          ],
          [
            110.2155625,
            18.6305625
          ],
          [
            110.21525,
            18.63025
          ],
          [
            110.21493749999999,
            18.6299375
          ],
          [
            110.214625,
            18.629625
          ],
          [
            110.2143125,
            18.6293125
          ],
          [
            110.214,
            18.629
          ],
          [
            110.2136111111111,
            18.62888888888889
          ],
          [
            110.21322222222221,
            18.628777777777778
          ],
          [
            110.21283333333334,
            18.628666666666668
          ],
          [
            110.21244444444444,
            18.628555555555558
          ],
          [
            110.21205555555555,
            18.628444444444444
          ],
          [
            110.21166666666666,
            18.628333333333334
          ],
          [
            110.21127777777778,
            18.628222222222224
          ],
          [
            110.21088888888889,
            18.62811111111111
          ],
          [
            110.2105,
            18.628
          ]
        ]
      },
      "properties": {
        "dataNature": "SIMULATED_MISSION_DATA",
        "sourceName": "WRJ Demo Generator",
        "caseId": "riyue-3d",
        "generatedAt": "2026-07-18T18:11:47.919Z",
        "realLocationContext": true,
        "operationalUseAllowed": false,
        "simulationNote": "基于真实地理环境生成的模拟无人机规划数据，不可用于真实飞行",
        "objectName": "UAV-01 静态完整规划线",
        "uav_id": "UAV-01",
        "callsign": "WRJ01",
        "strip_range": "1-4",
        "missionStage": "多阶段静态侦察任务",
        "speed_mps": 24,
        "coverage_altitude_m": 92,
        "transit_altitude_m": 122,
        "max_altitude_m": 133.5,
        "total_distance_km": 22.62,
        "total_duration_min": 16.3,
        "start_time": 1784509200,
        "end_time": 1784510180,
        "status": "VALID",
        "color": "#35C5FF"
      }
    },
    {
      "type": "Feature",
      "geometry": {
        "type": "LineString",
        "coordinates": [
          [
            110.2105,
            18.6297
          ],
          [
            110.2109375,
            18.629575
          ],
          [
            110.211375,
            18.62945
          ],
          [
            110.2118125,
            18.629324999999998
          ],
          [
            110.21225,
            18.629199999999997
          ],
          [
            110.2126875,
            18.629075
          ],
          [
            110.21312499999999,
            18.62895
          ],
          [
            110.2135625,
            18.628825
          ],
          [
            110.214,
            18.6287
          ],
          [
            110.21440909090909,
            18.628545454545453
          ],
          [
            110.21481818181819,
            18.628390909090907
          ],
          [
            110.21522727272728,
            18.628236363636365
          ],
          [
            110.21563636363636,
            18.62808181818182
          ],
          [
            110.21604545454545,
            18.627927272727273
          ],
          [
            110.21645454545455,
            18.627772727272728
          ],
          [
            110.21686363636364,
            18.627618181818182
          ],
          [
            110.21727272727273,
            18.627463636363636
          ],
          [
            110.21768181818182,
            18.627309090909094
          ],
          [
            110.21809090909092,
            18.627154545454548
          ],
          [
            110.2185,
            18.627000000000002
          ],
          [
            110.21893846153847,
            18.627000000000002
          ],
          [
            110.21937692307692,
            18.627000000000002
          ],
          [
            110.21981538461539,
            18.627000000000002
          ],
          [
            110.22025384615385,
            18.627000000000002
          ],
          [
            110.2206923076923,
            18.627000000000002
          ],
          [
            110.22113076923077,
            18.627000000000002
          ],
          [
            110.22156923076923,
            18.627000000000002
          ],
          [
            110.2220076923077,
            18.627000000000002
          ],
          [
            110.22244615384615,
            18.627000000000002
          ],
          [
            110.22288461538461,
            18.627000000000002
          ],
          [
            110.22332307692308,
            18.627000000000002
          ],
          [
            110.22376153846153,
            18.627000000000002
          ],
          [
            110.2242,
            18.627000000000002
          ],
          [
            110.22410175196278,
            18.6273
          ],
          [
            110.22400350392554,
            18.627600000000005
          ],
          [
            110.22390525588833,
            18.627900000000004
          ],
          [
            110.22363683725888,
            18.628119615242273
          ],
          [
            110.22336841862943,
            18.628339230484546
          ],
          [
            110.22309999999999,
            18.628558845726815
          ],
          [
            110.22273333333332,
            18.628639230484545
          ],
          [
            110.22236666666666,
            18.62871961524227
          ],
          [
            110.222,
            18.628800000000002
          ],
          [
            110.22163333333333,
            18.62871961524227
          ],
          [
            110.22126666666666,
            18.628639230484545
          ],
          [
            110.2209,
            18.628558845726815
          ],
          [
            110.22063158137055,
            18.628339230484546
          ],
          [
            110.22036316274111,
            18.628119615242273
          ],
          [
            110.22009474411166,
            18.627900000000004
          ],
          [
            110.21999649607444,
            18.627600000000005
          ],
          [
            110.21989824803721,
            18.6273
          ],
          [
            110.21979999999999,
            18.627000000000002
          ],
          [
            110.21989824803721,
            18.626700000000003
          ],
          [
            110.21999649607444,
            18.6264
          ],
          [
            110.22009474411166,
            18.6261
          ],
          [
            110.22036316274111,
            18.625880384757732
          ],
          [
            110.22063158137055,
            18.62566076951546
          ],
          [
            110.2209,
            18.62544115427319
          ],
          [
            110.22126666666666,
            18.62536076951546
          ],
          [
            110.22163333333333,
            18.625280384757733
          ],
          [
            110.222,
            18.625200000000003
          ],
          [
            110.22236666666666,
            18.625280384757733
          ],
          [
            110.22273333333332,
            18.62536076951546
          ],
          [
            110.22309999999999,
            18.62544115427319
          ],
          [
            110.22336841862943,
            18.62566076951546
          ],
          [
            110.22363683725888,
            18.625880384757732
          ],
          [
            110.22390525588833,
            18.6261
          ],
          [
            110.22400350392554,
            18.6264
          ],
          [
            110.22410175196278,
            18.626700000000003
          ],
          [
            110.2242,
            18.627000000000002
          ],
          [
            110.22445333333333,
            18.62664666666667
          ],
          [
            110.22470666666666,
            18.626293333333336
          ],
          [
            110.22496,
            18.625940000000003
          ],
          [
            110.22521333333333,
            18.625586666666667
          ],
          [
            110.22546666666666,
            18.625233333333334
          ],
          [
            110.22572,
            18.62488
          ],
          [
            110.22597333333333,
            18.624526666666668
          ],
          [
            110.22622666666666,
            18.624173333333335
          ],
          [
            110.22648,
            18.623820000000002
          ],
          [
            110.22673333333333,
            18.62346666666667
          ],
          [
            110.22698666666666,
            18.623113333333336
          ],
          [
            110.22724,
            18.62276
          ],
          [
            110.22749333333333,
            18.622406666666667
          ],
          [
            110.22774666666666,
            18.622053333333334
          ],
          [
            110.228,
            18.6217
          ],
          [
            110.228,
            18.6217
          ],
          [
            110.22846874999999,
            18.6217
          ],
          [
            110.2289375,
            18.6217
          ],
          [
            110.22940625,
            18.6217
          ],
          [
            110.22987499999999,
            18.6217
          ],
          [
            110.23034374999999,
            18.6217
          ],
          [
            110.2308125,
            18.6217
          ],
          [
            110.23128125,
            18.6217
          ],
          [
            110.23174999999999,
            18.6217
          ],
          [
            110.23221875,
            18.6217
          ],
          [
            110.2326875,
            18.6217
          ],
          [
            110.23315625,
            18.6217
          ],
          [
            110.23362499999999,
            18.6217
          ],
          [
            110.23409375,
            18.6217
          ],
          [
            110.2345625,
            18.6217
          ],
          [
            110.23503124999999,
            18.6217
          ],
          [
            110.2355,
            18.6217
          ],
          [
            110.23596875,
            18.6217
          ],
          [
            110.2364375,
            18.6217
          ],
          [
            110.23690624999999,
            18.6217
          ],
          [
            110.237375,
            18.6217
          ],
          [
            110.23784375,
            18.6217
          ],
          [
            110.23831249999999,
            18.6217
          ],
          [
            110.23878124999999,
            18.6217
          ],
          [
            110.23925,
            18.6217
          ],
          [
            110.23971875,
            18.6217
          ],
          [
            110.24018749999999,
            18.6217
          ],
          [
            110.24065625,
            18.6217
          ],
          [
            110.241125,
            18.6217
          ],
          [
            110.24159374999999,
            18.6217
          ],
          [
            110.24206249999999,
            18.6217
          ],
          [
            110.24253125,
            18.6217
          ],
          [
            110.243,
            18.6217
          ],
          [
            110.24346874999999,
            18.6217
          ],
          [
            110.2439375,
            18.6217
          ],
          [
            110.24440625,
            18.6217
          ],
          [
            110.244875,
            18.6217
          ],
          [
            110.24534374999999,
            18.6217
          ],
          [
            110.2458125,
            18.6217
          ],
          [
            110.24628125,
            18.6217
          ],
          [
            110.24674999999999,
            18.6217
          ],
          [
            110.24721875,
            18.6217
          ],
          [
            110.2476875,
            18.6217
          ],
          [
            110.24815625,
            18.6217
          ],
          [
            110.24862499999999,
            18.6217
          ],
          [
            110.24909375,
            18.6217
          ],
          [
            110.2495625,
            18.6217
          ],
          [
            110.25003124999999,
            18.6217
          ],
          [
            110.25049999999999,
            18.6217
          ],
          [
            110.25096875,
            18.6217
          ],
          [
            110.2514375,
            18.6217
          ],
          [
            110.25190624999999,
            18.6217
          ],
          [
            110.252375,
            18.6217
          ],
          [
            110.25284375,
            18.6217
          ],
          [
            110.25331249999999,
            18.6217
          ],
          [
            110.25378124999999,
            18.6217
          ],
          [
            110.25425,
            18.6217
          ],
          [
            110.25471875,
            18.6217
          ],
          [
            110.25518749999999,
            18.6217
          ],
          [
            110.25565625,
            18.6217
          ],
          [
            110.256125,
            18.6217
          ],
          [
            110.25659375,
            18.6217
          ],
          [
            110.25706249999999,
            18.6217
          ],
          [
            110.25753125,
            18.6217
          ],
          [
            110.258,
            18.6217
          ],
          [
            110.2584,
            18.62182
          ],
          [
            110.2588,
            18.62194
          ],
          [
            110.25919999999999,
            18.62206
          ],
          [
            110.25959999999999,
            18.62218
          ],
          [
            110.25999999999999,
            18.6223
          ],
          [
            110.25999999999999,
            18.6226375
          ],
          [
            110.25999999999999,
            18.622975
          ],
          [
            110.25999999999999,
            18.6233125
          ],
          [
            110.25999999999999,
            18.62365
          ],
          [
            110.25959999999999,
            18.62377
          ],
          [
            110.25919999999999,
            18.62389
          ],
          [
            110.2588,
            18.624010000000002
          ],
          [
            110.2584,
            18.62413
          ],
          [
            110.258,
            18.62425
          ],
          [
            110.25753125,
            18.62425
          ],
          [
            110.25706249999999,
            18.62425
          ],
          [
            110.25659375,
            18.62425
          ],
          [
            110.256125,
            18.62425
          ],
          [
            110.25565625,
            18.62425
          ],
          [
            110.25518749999999,
            18.62425
          ],
          [
            110.25471875,
            18.62425
          ],
          [
            110.25425,
            18.62425
          ],
          [
            110.25378124999999,
            18.62425
          ],
          [
            110.25331249999999,
            18.62425
          ],
          [
            110.25284375,
            18.62425
          ],
          [
            110.252375,
            18.62425
          ],
          [
            110.25190624999999,
            18.62425
          ],
          [
            110.2514375,
            18.62425
          ],
          [
            110.25096875,
            18.62425
          ],
          [
            110.25049999999999,
            18.62425
          ],
          [
            110.25003124999999,
            18.62425
          ],
          [
            110.2495625,
            18.62425
          ],
          [
            110.24909375,
            18.62425
          ],
          [
            110.24862499999999,
            18.62425
          ],
          [
            110.24815625,
            18.62425
          ],
          [
            110.2476875,
            18.62425
          ],
          [
            110.24721875,
            18.62425
          ],
          [
            110.24674999999999,
            18.62425
          ],
          [
            110.24628125,
            18.62425
          ],
          [
            110.2458125,
            18.62425
          ],
          [
            110.24534374999999,
            18.62425
          ],
          [
            110.244875,
            18.62425
          ],
          [
            110.24440625,
            18.62425
          ],
          [
            110.2439375,
            18.62425
          ],
          [
            110.24346874999999,
            18.62425
          ],
          [
            110.243,
            18.62425
          ],
          [
            110.24253125,
            18.62425
          ],
          [
            110.24206249999999,
            18.62425
          ],
          [
            110.24159374999999,
            18.62425
          ],
          [
            110.241125,
            18.62425
          ],
          [
            110.24065625,
            18.62425
          ],
          [
            110.24018749999999,
            18.62425
          ],
          [
            110.23971875,
            18.62425
          ],
          [
            110.23925,
            18.62425
          ],
          [
            110.23878124999999,
            18.62425
          ],
          [
            110.23831249999999,
            18.62425
          ],
          [
            110.23784375,
            18.62425
          ],
          [
            110.237375,
            18.62425
          ],
          [
            110.23690624999999,
            18.62425
          ],
          [
            110.2364375,
            18.62425
          ],
          [
            110.23596875,
            18.62425
          ],
          [
            110.2355,
            18.62425
          ],
          [
            110.23503124999999,
            18.62425
          ],
          [
            110.2345625,
            18.62425
          ],
          [
            110.23409375,
            18.62425
          ],
          [
            110.23362499999999,
            18.62425
          ],
          [
            110.23315625,
            18.62425
          ],
          [
            110.2326875,
            18.62425
          ],
          [
            110.23221875,
            18.62425
          ],
          [
            110.23174999999999,
            18.62425
          ],
          [
            110.23128125,
            18.62425
          ],
          [
            110.2308125,
            18.62425
          ],
          [
            110.23034374999999,
            18.62425
          ],
          [
            110.22987499999999,
            18.62425
          ],
          [
            110.22940625,
            18.62425
          ],
          [
            110.2289375,
            18.62425
          ],
          [
            110.22846874999999,
            18.62425
          ],
          [
            110.228,
            18.62425
          ],
          [
            110.2276,
            18.62437
          ],
          [
            110.2272,
            18.624489999999998
          ],
          [
            110.2268,
            18.62461
          ],
          [
            110.2264,
            18.62473
          ],
          [
            110.226,
            18.62485
          ],
          [
            110.226,
            18.6251875
          ],
          [
            110.226,
            18.625525
          ],
          [
            110.226,
            18.6258625
          ],
          [
            110.226,
            18.6262
          ],
          [
            110.2264,
            18.62632
          ],
          [
            110.2268,
            18.62644
          ],
          [
            110.2272,
            18.62656
          ],
          [
            110.2276,
            18.62668
          ],
          [
            110.228,
            18.6268
          ],
          [
            110.22846874999999,
            18.6268
          ],
          [
            110.2289375,
            18.6268
          ],
          [
            110.22940625,
            18.6268
          ],
          [
            110.22987499999999,
            18.6268
          ],
          [
            110.23034374999999,
            18.6268
          ],
          [
            110.2308125,
            18.6268
          ],
          [
            110.23128125,
            18.6268
          ],
          [
            110.23174999999999,
            18.6268
          ],
          [
            110.23221875,
            18.6268
          ],
          [
            110.2326875,
            18.6268
          ],
          [
            110.23315625,
            18.6268
          ],
          [
            110.23362499999999,
            18.6268
          ],
          [
            110.23409375,
            18.6268
          ],
          [
            110.2345625,
            18.6268
          ],
          [
            110.23503124999999,
            18.6268
          ],
          [
            110.2355,
            18.6268
          ],
          [
            110.23596875,
            18.6268
          ],
          [
            110.2364375,
            18.6268
          ],
          [
            110.23690624999999,
            18.6268
          ],
          [
            110.237375,
            18.6268
          ],
          [
            110.23784375,
            18.6268
          ],
          [
            110.23831249999999,
            18.6268
          ],
          [
            110.23878124999999,
            18.6268
          ],
          [
            110.23925,
            18.6268
          ],
          [
            110.23971875,
            18.6268
          ],
          [
            110.24018749999999,
            18.6268
          ],
          [
            110.24065625,
            18.6268
          ],
          [
            110.241125,
            18.6268
          ],
          [
            110.24159374999999,
            18.6268
          ],
          [
            110.24206249999999,
            18.6268
          ],
          [
            110.24253125,
            18.6268
          ],
          [
            110.243,
            18.6268
          ],
          [
            110.24346874999999,
            18.6268
          ],
          [
            110.2439375,
            18.6268
          ],
          [
            110.24440625,
            18.6268
          ],
          [
            110.244875,
            18.6268
          ],
          [
            110.24534374999999,
            18.6268
          ],
          [
            110.2458125,
            18.6268
          ],
          [
            110.24628125,
            18.6268
          ],
          [
            110.24674999999999,
            18.6268
          ],
          [
            110.24721875,
            18.6268
          ],
          [
            110.2476875,
            18.6268
          ],
          [
            110.24815625,
            18.6268
          ],
          [
            110.24862499999999,
            18.6268
          ],
          [
            110.24909375,
            18.6268
          ],
          [
            110.2495625,
            18.6268
          ],
          [
            110.25003124999999,
            18.6268
          ],
          [
            110.25049999999999,
            18.6268
          ],
          [
            110.25096875,
            18.6268
          ],
          [
            110.2514375,
            18.6268
          ],
          [
            110.25190624999999,
            18.6268
          ],
          [
            110.252375,
            18.6268
          ],
          [
            110.25284375,
            18.6268
          ],
          [
            110.25331249999999,
            18.6268
          ],
          [
            110.25378124999999,
            18.6268
          ],
          [
            110.25425,
            18.6268
          ],
          [
            110.25471875,
            18.6268
          ],
          [
            110.25518749999999,
            18.6268
          ],
          [
            110.25565625,
            18.6268
          ],
          [
            110.256125,
            18.6268
          ],
          [
            110.25659375,
            18.6268
          ],
          [
            110.25706249999999,
            18.6268
          ],
          [
            110.25753125,
            18.6268
          ],
          [
            110.258,
            18.6268
          ],
          [
            110.2584,
            18.62692
          ],
          [
            110.2588,
            18.627039999999997
          ],
          [
            110.25919999999999,
            18.62716
          ],
          [
            110.25959999999999,
            18.62728
          ],
          [
            110.25999999999999,
            18.627399999999998
          ],
          [
            110.25999999999999,
            18.6277375
          ],
          [
            110.25999999999999,
            18.628075
          ],
          [
            110.25999999999999,
            18.6284125
          ],
          [
            110.25999999999999,
            18.62875
          ],
          [
            110.25959999999999,
            18.62887
          ],
          [
            110.25919999999999,
            18.628989999999998
          ],
          [
            110.2588,
            18.62911
          ],
          [
            110.2584,
            18.62923
          ],
          [
            110.258,
            18.62935
          ],
          [
            110.25753125,
            18.62935
          ],
          [
            110.25706249999999,
            18.62935
          ],
          [
            110.25659375,
            18.62935
          ],
          [
            110.256125,
            18.62935
          ],
          [
            110.25565625,
            18.62935
          ],
          [
            110.25518749999999,
            18.62935
          ],
          [
            110.25471875,
            18.62935
          ],
          [
            110.25425,
            18.62935
          ],
          [
            110.25378124999999,
            18.62935
          ],
          [
            110.25331249999999,
            18.62935
          ],
          [
            110.25284375,
            18.62935
          ],
          [
            110.252375,
            18.62935
          ],
          [
            110.25190624999999,
            18.62935
          ],
          [
            110.2514375,
            18.62935
          ],
          [
            110.25096875,
            18.62935
          ],
          [
            110.25049999999999,
            18.62935
          ],
          [
            110.25003124999999,
            18.62935
          ],
          [
            110.2495625,
            18.62935
          ],
          [
            110.24909375,
            18.62935
          ],
          [
            110.24862499999999,
            18.62935
          ],
          [
            110.24815625,
            18.62935
          ],
          [
            110.2476875,
            18.62935
          ],
          [
            110.24721875,
            18.62935
          ],
          [
            110.24674999999999,
            18.62935
          ],
          [
            110.24628125,
            18.62935
          ],
          [
            110.2458125,
            18.62935
          ],
          [
            110.24534374999999,
            18.62935
          ],
          [
            110.244875,
            18.62935
          ],
          [
            110.24440625,
            18.62935
          ],
          [
            110.2439375,
            18.62935
          ],
          [
            110.24346874999999,
            18.62935
          ],
          [
            110.243,
            18.62935
          ],
          [
            110.24253125,
            18.62935
          ],
          [
            110.24206249999999,
            18.62935
          ],
          [
            110.24159374999999,
            18.62935
          ],
          [
            110.241125,
            18.62935
          ],
          [
            110.24065625,
            18.62935
          ],
          [
            110.24018749999999,
            18.62935
          ],
          [
            110.23971875,
            18.62935
          ],
          [
            110.23925,
            18.62935
          ],
          [
            110.23878124999999,
            18.62935
          ],
          [
            110.23831249999999,
            18.62935
          ],
          [
            110.23784375,
            18.62935
          ],
          [
            110.237375,
            18.62935
          ],
          [
            110.23690624999999,
            18.62935
          ],
          [
            110.2364375,
            18.62935
          ],
          [
            110.23596875,
            18.62935
          ],
          [
            110.2355,
            18.62935
          ],
          [
            110.23503124999999,
            18.62935
          ],
          [
            110.2345625,
            18.62935
          ],
          [
            110.23409375,
            18.62935
          ],
          [
            110.23362499999999,
            18.62935
          ],
          [
            110.23315625,
            18.62935
          ],
          [
            110.2326875,
            18.62935
          ],
          [
            110.23221875,
            18.62935
          ],
          [
            110.23174999999999,
            18.62935
          ],
          [
            110.23128125,
            18.62935
          ],
          [
            110.2308125,
            18.62935
          ],
          [
            110.23034374999999,
            18.62935
          ],
          [
            110.22987499999999,
            18.62935
          ],
          [
            110.22940625,
            18.62935
          ],
          [
            110.2289375,
            18.62935
          ],
          [
            110.22846874999999,
            18.62935
          ],
          [
            110.228,
            18.62935
          ],
          [
            110.22784210526315,
            18.629752631578945
          ],
          [
            110.2276842105263,
            18.630155263157892
          ],
          [
            110.22752631578946,
            18.630557894736842
          ],
          [
            110.22736842105263,
            18.63096052631579
          ],
          [
            110.22721052631579,
            18.631363157894736
          ],
          [
            110.22705263157894,
            18.631765789473683
          ],
          [
            110.2268947368421,
            18.63216842105263
          ],
          [
            110.22673684210525,
            18.63257105263158
          ],
          [
            110.22657894736841,
            18.632973684210526
          ],
          [
            110.22642105263158,
            18.633376315789473
          ],
          [
            110.22626315789473,
            18.63377894736842
          ],
          [
            110.22610526315789,
            18.63418157894737
          ],
          [
            110.22594736842105,
            18.634584210526317
          ],
          [
            110.2257894736842,
            18.634986842105263
          ],
          [
            110.22563157894736,
            18.63538947368421
          ],
          [
            110.22547368421053,
            18.635792105263157
          ],
          [
            110.22531578947368,
            18.636194736842107
          ],
          [
            110.22515789473684,
            18.636597368421054
          ],
          [
            110.225,
            18.637
          ],
          [
            110.22457142857142,
            18.636857142857142
          ],
          [
            110.22414285714285,
            18.636714285714287
          ],
          [
            110.22371428571428,
            18.63657142857143
          ],
          [
            110.22328571428571,
            18.63642857142857
          ],
          [
            110.22285714285714,
            18.636285714285716
          ],
          [
            110.22242857142857,
            18.636142857142858
          ],
          [
            110.222,
            18.636000000000003
          ],
          [
            110.22157142857142,
            18.635857142857144
          ],
          [
            110.22114285714285,
            18.635714285714286
          ],
          [
            110.22071428571428,
            18.63557142857143
          ],
          [
            110.22028571428571,
            18.635428571428573
          ],
          [
            110.21985714285714,
            18.635285714285715
          ],
          [
            110.21942857142857,
            18.63514285714286
          ],
          [
            110.219,
            18.635
          ],
          [
            110.21866666666666,
            18.634713333333334
          ],
          [
            110.21833333333333,
            18.63442666666667
          ],
          [
            110.21799999999999,
            18.634140000000002
          ],
          [
            110.21766666666666,
            18.633853333333334
          ],
          [
            110.21733333333333,
            18.633566666666667
          ],
          [
            110.217,
            18.633280000000003
          ],
          [
            110.21666666666667,
            18.632993333333335
          ],
          [
            110.21633333333332,
            18.632706666666667
          ],
          [
            110.216,
            18.63242
          ],
          [
            110.21566666666666,
            18.632133333333336
          ],
          [
            110.21533333333333,
            18.631846666666668
          ],
          [
            110.215,
            18.63156
          ],
          [
            110.21466666666666,
            18.631273333333333
          ],
          [
            110.21433333333333,
            18.63098666666667
          ],
          [
            110.214,
            18.6307
          ],
          [
            110.2135625,
            18.630575
          ],
          [
            110.21312499999999,
            18.63045
          ],
          [
            110.2126875,
            18.630325
          ],
          [
            110.21225,
            18.630200000000002
          ],
          [
            110.2118125,
            18.630075
          ],
          [
            110.211375,
            18.62995
          ],
          [
            110.2109375,
            18.629825
          ],
          [
            110.2105,
            18.6297
          ]
        ]
      },
      "properties": {
        "dataNature": "SIMULATED_MISSION_DATA",
        "sourceName": "WRJ Demo Generator",
        "caseId": "riyue-3d",
        "generatedAt": "2026-07-18T18:11:47.919Z",
        "realLocationContext": true,
        "operationalUseAllowed": false,
        "simulationNote": "基于真实地理环境生成的模拟无人机规划数据，不可用于真实飞行",
        "objectName": "UAV-02 静态完整规划线",
        "uav_id": "UAV-02",
        "callsign": "WRJ02",
        "strip_range": "5-8",
        "missionStage": "多阶段静态侦察任务",
        "speed_mps": 25,
        "coverage_altitude_m": 100,
        "transit_altitude_m": 128,
        "max_altitude_m": 139.5,
        "total_distance_km": 20.65,
        "total_duration_min": 14.6,
        "start_time": 1784509220,
        "end_time": 1784510096,
        "status": "VALID",
        "color": "#FFB44D"
      }
    },
    {
      "type": "Feature",
      "geometry": {
        "type": "LineString",
        "coordinates": [
          [
            110.2105,
            18.6314
          ],
          [
            110.2109375,
            18.631275
          ],
          [
            110.211375,
            18.631149999999998
          ],
          [
            110.2118125,
            18.631024999999998
          ],
          [
            110.21225,
            18.630899999999997
          ],
          [
            110.2126875,
            18.630775
          ],
          [
            110.21312499999999,
            18.63065
          ],
          [
            110.2135625,
            18.630525
          ],
          [
            110.214,
            18.630399999999998
          ],
          [
            110.21440909090909,
            18.630181818181818
          ],
          [
            110.21481818181819,
            18.629963636363634
          ],
          [
            110.21522727272728,
            18.629745454545453
          ],
          [
            110.21563636363636,
            18.629527272727273
          ],
          [
            110.21604545454545,
            18.62930909090909
          ],
          [
            110.21645454545455,
            18.62909090909091
          ],
          [
            110.21686363636364,
            18.628872727272725
          ],
          [
            110.21727272727273,
            18.628654545454545
          ],
          [
            110.21768181818182,
            18.628436363636364
          ],
          [
            110.21809090909092,
            18.62821818181818
          ],
          [
            110.2185,
            18.628
          ],
          [
            110.218975,
            18.628
          ],
          [
            110.21945000000001,
            18.628
          ],
          [
            110.219925,
            18.628
          ],
          [
            110.2204,
            18.628
          ],
          [
            110.220875,
            18.628
          ],
          [
            110.22135,
            18.628
          ],
          [
            110.221825,
            18.628
          ],
          [
            110.2223,
            18.628
          ],
          [
            110.222775,
            18.628
          ],
          [
            110.22325,
            18.628
          ],
          [
            110.223725,
            18.628
          ],
          [
            110.2242,
            18.628
          ],
          [
            110.22410175196278,
            18.6283
          ],
          [
            110.22400350392554,
            18.628600000000002
          ],
          [
            110.22390525588833,
            18.6289
          ],
          [
            110.22363683725888,
            18.62911961524227
          ],
          [
            110.22336841862943,
            18.629339230484543
          ],
          [
            110.22309999999999,
            18.629558845726812
          ],
          [
            110.22273333333332,
            18.629639230484543
          ],
          [
            110.22236666666666,
            18.62971961524227
          ],
          [
            110.222,
            18.6298
          ],
          [
            110.22163333333333,
            18.62971961524227
          ],
          [
            110.22126666666666,
            18.629639230484543
          ],
          [
            110.2209,
            18.629558845726812
          ],
          [
            110.22063158137055,
            18.629339230484543
          ],
          [
            110.22036316274111,
            18.62911961524227
          ],
          [
            110.22009474411166,
            18.6289
          ],
          [
            110.21999649607444,
            18.628600000000002
          ],
          [
            110.21989824803721,
            18.6283
          ],
          [
            110.21979999999999,
            18.628
          ],
          [
            110.21989824803721,
            18.6277
          ],
          [
            110.21999649607444,
            18.627399999999998
          ],
          [
            110.22009474411166,
            18.6271
          ],
          [
            110.22036316274111,
            18.62688038475773
          ],
          [
            110.22063158137055,
            18.626660769515457
          ],
          [
            110.2209,
            18.626441154273188
          ],
          [
            110.22126666666666,
            18.626360769515458
          ],
          [
            110.22163333333333,
            18.62628038475773
          ],
          [
            110.222,
            18.6262
          ],
          [
            110.22236666666666,
            18.62628038475773
          ],
          [
            110.22273333333332,
            18.626360769515458
          ],
          [
            110.22309999999999,
            18.626441154273188
          ],
          [
            110.22336841862943,
            18.626660769515457
          ],
          [
            110.22363683725888,
            18.62688038475773
          ],
          [
            110.22390525588833,
            18.6271
          ],
          [
            110.22400350392554,
            18.627399999999998
          ],
          [
            110.22410175196278,
            18.6277
          ],
          [
            110.2242,
            18.628
          ],
          [
            110.22451666666666,
            18.628325
          ],
          [
            110.22483333333332,
            18.62865
          ],
          [
            110.22515,
            18.628975
          ],
          [
            110.22546666666666,
            18.6293
          ],
          [
            110.22578333333333,
            18.629625
          ],
          [
            110.2261,
            18.62995
          ],
          [
            110.22641666666667,
            18.630274999999997
          ],
          [
            110.22673333333333,
            18.630599999999998
          ],
          [
            110.22704999999999,
            18.630924999999998
          ],
          [
            110.22736666666665,
            18.631249999999998
          ],
          [
            110.22768333333333,
            18.631574999999998
          ],
          [
            110.228,
            18.631899999999998
          ],
          [
            110.228,
            18.631899999999998
          ],
          [
            110.22849180327869,
            18.631899999999998
          ],
          [
            110.22898360655738,
            18.631899999999998
          ],
          [
            110.22947540983606,
            18.631899999999998
          ],
          [
            110.22996721311475,
            18.631899999999998
          ],
          [
            110.23045901639344,
            18.631899999999998
          ],
          [
            110.23095081967213,
            18.631899999999998
          ],
          [
            110.23144262295081,
            18.631899999999998
          ],
          [
            110.2319344262295,
            18.631899999999998
          ],
          [
            110.23242622950819,
            18.631899999999998
          ],
          [
            110.23291803278688,
            18.631899999999998
          ],
          [
            110.23340983606556,
            18.631899999999998
          ],
          [
            110.23390163934425,
            18.631899999999998
          ],
          [
            110.23439344262295,
            18.631899999999998
          ],
          [
            110.23488524590164,
            18.631899999999998
          ],
          [
            110.23537704918033,
            18.631899999999998
          ],
          [
            110.235868852459,
            18.631899999999998
          ],
          [
            110.2363606557377,
            18.631899999999998
          ],
          [
            110.23685245901639,
            18.631899999999998
          ],
          [
            110.23734426229508,
            18.631899999999998
          ],
          [
            110.23783606557376,
            18.631899999999998
          ],
          [
            110.23832786885245,
            18.631899999999998
          ],
          [
            110.23881967213114,
            18.631899999999998
          ],
          [
            110.23931147540983,
            18.631899999999998
          ],
          [
            110.23980327868851,
            18.631899999999998
          ],
          [
            110.2402950819672,
            18.631899999999998
          ],
          [
            110.2407868852459,
            18.631899999999998
          ],
          [
            110.24127868852459,
            18.631899999999998
          ],
          [
            110.24177049180328,
            18.631899999999998
          ],
          [
            110.24226229508196,
            18.631899999999998
          ],
          [
            110.24275409836065,
            18.631899999999998
          ],
          [
            110.24324590163934,
            18.631899999999998
          ],
          [
            110.24373770491803,
            18.631899999999998
          ],
          [
            110.24422950819671,
            18.631899999999998
          ],
          [
            110.2447213114754,
            18.631899999999998
          ],
          [
            110.2452131147541,
            18.631899999999998
          ],
          [
            110.24570491803279,
            18.631899999999998
          ],
          [
            110.24619672131148,
            18.631899999999998
          ],
          [
            110.24668852459016,
            18.631899999999998
          ],
          [
            110.24718032786885,
            18.631899999999998
          ],
          [
            110.24767213114754,
            18.631899999999998
          ],
          [
            110.24816393442623,
            18.631899999999998
          ],
          [
            110.24865573770491,
            18.631899999999998
          ],
          [
            110.2491475409836,
            18.631899999999998
          ],
          [
            110.24963934426229,
            18.631899999999998
          ],
          [
            110.25013114754098,
            18.631899999999998
          ],
          [
            110.25062295081966,
            18.631899999999998
          ],
          [
            110.25111475409835,
            18.631899999999998
          ],
          [
            110.25160655737704,
            18.631899999999998
          ],
          [
            110.25209836065574,
            18.631899999999998
          ],
          [
            110.25259016393443,
            18.631899999999998
          ],
          [
            110.2530819672131,
            18.631899999999998
          ],
          [
            110.2535737704918,
            18.631899999999998
          ],
          [
            110.25406557377049,
            18.631899999999998
          ],
          [
            110.25455737704918,
            18.631899999999998
          ],
          [
            110.25504918032786,
            18.631899999999998
          ],
          [
            110.25554098360655,
            18.631899999999998
          ],
          [
            110.25603278688524,
            18.631899999999998
          ],
          [
            110.25652459016393,
            18.631899999999998
          ],
          [
            110.25701639344261,
            18.631899999999998
          ],
          [
            110.2575081967213,
            18.631899999999998
          ],
          [
            110.258,
            18.631899999999998
          ],
          [
            110.2584,
            18.632019999999997
          ],
          [
            110.2588,
            18.632139999999996
          ],
          [
            110.25919999999999,
            18.63226
          ],
          [
            110.25959999999999,
            18.632379999999998
          ],
          [
            110.25999999999999,
            18.632499999999997
          ],
          [
            110.25999999999999,
            18.632949999999997
          ],
          [
            110.25999999999999,
            18.6334
          ],
          [
            110.25999999999999,
            18.633850000000002
          ],
          [
            110.25959999999999,
            18.63397
          ],
          [
            110.25919999999999,
            18.63409
          ],
          [
            110.2588,
            18.634210000000003
          ],
          [
            110.2584,
            18.634330000000002
          ],
          [
            110.258,
            18.63445
          ],
          [
            110.2575081967213,
            18.63445
          ],
          [
            110.25701639344261,
            18.63445
          ],
          [
            110.25652459016393,
            18.63445
          ],
          [
            110.25603278688524,
            18.63445
          ],
          [
            110.25554098360655,
            18.63445
          ],
          [
            110.25504918032786,
            18.63445
          ],
          [
            110.25455737704918,
            18.63445
          ],
          [
            110.25406557377049,
            18.63445
          ],
          [
            110.2535737704918,
            18.63445
          ],
          [
            110.2530819672131,
            18.63445
          ],
          [
            110.25259016393443,
            18.63445
          ],
          [
            110.25209836065574,
            18.63445
          ],
          [
            110.25160655737704,
            18.63445
          ],
          [
            110.25111475409835,
            18.63445
          ],
          [
            110.25062295081966,
            18.63445
          ],
          [
            110.25013114754098,
            18.63445
          ],
          [
            110.24963934426229,
            18.63445
          ],
          [
            110.2491475409836,
            18.63445
          ],
          [
            110.24865573770491,
            18.63445
          ],
          [
            110.24816393442623,
            18.63445
          ],
          [
            110.24767213114754,
            18.63445
          ],
          [
            110.24718032786885,
            18.63445
          ],
          [
            110.24668852459016,
            18.63445
          ],
          [
            110.24619672131148,
            18.63445
          ],
          [
            110.24570491803279,
            18.63445
          ],
          [
            110.2452131147541,
            18.63445
          ],
          [
            110.2447213114754,
            18.63445
          ],
          [
            110.24422950819671,
            18.63445
          ],
          [
            110.24373770491803,
            18.63445
          ],
          [
            110.24324590163934,
            18.63445
          ],
          [
            110.24275409836065,
            18.63445
          ],
          [
            110.24226229508196,
            18.63445
          ],
          [
            110.24177049180328,
            18.63445
          ],
          [
            110.24127868852459,
            18.63445
          ],
          [
            110.2407868852459,
            18.63445
          ],
          [
            110.2402950819672,
            18.63445
          ],
          [
            110.23980327868851,
            18.63445
          ],
          [
            110.23931147540983,
            18.63445
          ],
          [
            110.23881967213114,
            18.63445
          ],
          [
            110.23832786885245,
            18.63445
          ],
          [
            110.23783606557376,
            18.63445
          ],
          [
            110.23734426229508,
            18.63445
          ],
          [
            110.23685245901639,
            18.63445
          ],
          [
            110.2363606557377,
            18.63445
          ],
          [
            110.235868852459,
            18.63445
          ],
          [
            110.23537704918033,
            18.63445
          ],
          [
            110.23488524590164,
            18.63445
          ],
          [
            110.23439344262295,
            18.63445
          ],
          [
            110.23390163934425,
            18.63445
          ],
          [
            110.23340983606556,
            18.63445
          ],
          [
            110.23291803278688,
            18.63445
          ],
          [
            110.23242622950819,
            18.63445
          ],
          [
            110.2319344262295,
            18.63445
          ],
          [
            110.23144262295081,
            18.63445
          ],
          [
            110.23095081967213,
            18.63445
          ],
          [
            110.23045901639344,
            18.63445
          ],
          [
            110.22996721311475,
            18.63445
          ],
          [
            110.22947540983606,
            18.63445
          ],
          [
            110.22898360655738,
            18.63445
          ],
          [
            110.22849180327869,
            18.63445
          ],
          [
            110.228,
            18.63445
          ],
          [
            110.2276,
            18.63457
          ],
          [
            110.2272,
            18.63469
          ],
          [
            110.2268,
            18.63481
          ],
          [
            110.2264,
            18.63493
          ],
          [
            110.226,
            18.63505
          ],
          [
            110.226,
            18.6355
          ],
          [
            110.226,
            18.63595
          ],
          [
            110.226,
            18.636400000000002
          ],
          [
            110.2264,
            18.63652
          ],
          [
            110.2268,
            18.63664
          ],
          [
            110.2272,
            18.636760000000002
          ],
          [
            110.2276,
            18.63688
          ],
          [
            110.228,
            18.637
          ],
          [
            110.22849180327869,
            18.637
          ],
          [
            110.22898360655738,
            18.637
          ],
          [
            110.22947540983606,
            18.637
          ],
          [
            110.22996721311475,
            18.637
          ],
          [
            110.23045901639344,
            18.637
          ],
          [
            110.23095081967213,
            18.637
          ],
          [
            110.23144262295081,
            18.637
          ],
          [
            110.2319344262295,
            18.637
          ],
          [
            110.23242622950819,
            18.637
          ],
          [
            110.23291803278688,
            18.637
          ],
          [
            110.23340983606556,
            18.637
          ],
          [
            110.23390163934425,
            18.637
          ],
          [
            110.23439344262295,
            18.637
          ],
          [
            110.23488524590164,
            18.637
          ],
          [
            110.23537704918033,
            18.637
          ],
          [
            110.235868852459,
            18.637
          ],
          [
            110.2363606557377,
            18.637
          ],
          [
            110.23685245901639,
            18.637
          ],
          [
            110.23734426229508,
            18.637
          ],
          [
            110.23783606557376,
            18.637
          ],
          [
            110.23832786885245,
            18.637
          ],
          [
            110.23881967213114,
            18.637
          ],
          [
            110.23931147540983,
            18.637
          ],
          [
            110.23980327868851,
            18.637
          ],
          [
            110.2402950819672,
            18.637
          ],
          [
            110.2407868852459,
            18.637
          ],
          [
            110.24127868852459,
            18.637
          ],
          [
            110.24177049180328,
            18.637
          ],
          [
            110.24226229508196,
            18.637
          ],
          [
            110.24275409836065,
            18.637
          ],
          [
            110.24324590163934,
            18.637
          ],
          [
            110.24373770491803,
            18.637
          ],
          [
            110.24422950819671,
            18.637
          ],
          [
            110.2447213114754,
            18.637
          ],
          [
            110.2452131147541,
            18.637
          ],
          [
            110.24570491803279,
            18.637
          ],
          [
            110.24619672131148,
            18.637
          ],
          [
            110.24668852459016,
            18.637
          ],
          [
            110.24718032786885,
            18.637
          ],
          [
            110.24767213114754,
            18.637
          ],
          [
            110.24816393442623,
            18.637
          ],
          [
            110.24865573770491,
            18.637
          ],
          [
            110.2491475409836,
            18.637
          ],
          [
            110.24963934426229,
            18.637
          ],
          [
            110.25013114754098,
            18.637
          ],
          [
            110.25062295081966,
            18.637
          ],
          [
            110.25111475409835,
            18.637
          ],
          [
            110.25160655737704,
            18.637
          ],
          [
            110.25209836065574,
            18.637
          ],
          [
            110.25259016393443,
            18.637
          ],
          [
            110.2530819672131,
            18.637
          ],
          [
            110.2535737704918,
            18.637
          ],
          [
            110.25406557377049,
            18.637
          ],
          [
            110.25455737704918,
            18.637
          ],
          [
            110.25504918032786,
            18.637
          ],
          [
            110.25554098360655,
            18.637
          ],
          [
            110.25603278688524,
            18.637
          ],
          [
            110.25652459016393,
            18.637
          ],
          [
            110.25701639344261,
            18.637
          ],
          [
            110.2575081967213,
            18.637
          ],
          [
            110.258,
            18.637
          ],
          [
            110.2584,
            18.63712
          ],
          [
            110.2588,
            18.63724
          ],
          [
            110.25919999999999,
            18.63736
          ],
          [
            110.25959999999999,
            18.63748
          ],
          [
            110.25999999999999,
            18.6376
          ],
          [
            110.25999999999999,
            18.63805
          ],
          [
            110.25999999999999,
            18.6385
          ],
          [
            110.25999999999999,
            18.63895
          ],
          [
            110.25959999999999,
            18.63907
          ],
          [
            110.25919999999999,
            18.63919
          ],
          [
            110.2588,
            18.639310000000002
          ],
          [
            110.2584,
            18.63943
          ],
          [
            110.258,
            18.63955
          ],
          [
            110.2575081967213,
            18.63955
          ],
          [
            110.25701639344261,
            18.63955
          ],
          [
            110.25652459016393,
            18.63955
          ],
          [
            110.25603278688524,
            18.63955
          ],
          [
            110.25554098360655,
            18.63955
          ],
          [
            110.25504918032786,
            18.63955
          ],
          [
            110.25455737704918,
            18.63955
          ],
          [
            110.25406557377049,
            18.63955
          ],
          [
            110.2535737704918,
            18.63955
          ],
          [
            110.2530819672131,
            18.63955
          ],
          [
            110.25259016393443,
            18.63955
          ],
          [
            110.25209836065574,
            18.63955
          ],
          [
            110.25160655737704,
            18.63955
          ],
          [
            110.25111475409835,
            18.63955
          ],
          [
            110.25062295081966,
            18.63955
          ],
          [
            110.25013114754098,
            18.63955
          ],
          [
            110.24963934426229,
            18.63955
          ],
          [
            110.2491475409836,
            18.63955
          ],
          [
            110.24865573770491,
            18.63955
          ],
          [
            110.24816393442623,
            18.63955
          ],
          [
            110.24767213114754,
            18.63955
          ],
          [
            110.24718032786885,
            18.63955
          ],
          [
            110.24668852459016,
            18.63955
          ],
          [
            110.24619672131148,
            18.63955
          ],
          [
            110.24570491803279,
            18.63955
          ],
          [
            110.2452131147541,
            18.63955
          ],
          [
            110.2447213114754,
            18.63955
          ],
          [
            110.24422950819671,
            18.63955
          ],
          [
            110.24373770491803,
            18.63955
          ],
          [
            110.24324590163934,
            18.63955
          ],
          [
            110.24275409836065,
            18.63955
          ],
          [
            110.24226229508196,
            18.63955
          ],
          [
            110.24177049180328,
            18.63955
          ],
          [
            110.24127868852459,
            18.63955
          ],
          [
            110.2407868852459,
            18.63955
          ],
          [
            110.2402950819672,
            18.63955
          ],
          [
            110.23980327868851,
            18.63955
          ],
          [
            110.23931147540983,
            18.63955
          ],
          [
            110.23881967213114,
            18.63955
          ],
          [
            110.23832786885245,
            18.63955
          ],
          [
            110.23783606557376,
            18.63955
          ],
          [
            110.23734426229508,
            18.63955
          ],
          [
            110.23685245901639,
            18.63955
          ],
          [
            110.2363606557377,
            18.63955
          ],
          [
            110.235868852459,
            18.63955
          ],
          [
            110.23537704918033,
            18.63955
          ],
          [
            110.23488524590164,
            18.63955
          ],
          [
            110.23439344262295,
            18.63955
          ],
          [
            110.23390163934425,
            18.63955
          ],
          [
            110.23340983606556,
            18.63955
          ],
          [
            110.23291803278688,
            18.63955
          ],
          [
            110.23242622950819,
            18.63955
          ],
          [
            110.2319344262295,
            18.63955
          ],
          [
            110.23144262295081,
            18.63955
          ],
          [
            110.23095081967213,
            18.63955
          ],
          [
            110.23045901639344,
            18.63955
          ],
          [
            110.22996721311475,
            18.63955
          ],
          [
            110.22947540983606,
            18.63955
          ],
          [
            110.22898360655738,
            18.63955
          ],
          [
            110.22849180327869,
            18.63955
          ],
          [
            110.228,
            18.63955
          ],
          [
            110.22757142857142,
            18.63932857142857
          ],
          [
            110.22714285714285,
            18.639107142857142
          ],
          [
            110.22671428571428,
            18.638885714285713
          ],
          [
            110.22628571428571,
            18.638664285714285
          ],
          [
            110.22585714285714,
            18.638442857142856
          ],
          [
            110.22542857142857,
            18.638221428571427
          ],
          [
            110.225,
            18.637999999999998
          ],
          [
            110.22453846153846,
            18.63784615384615
          ],
          [
            110.22407692307692,
            18.637692307692305
          ],
          [
            110.22361538461539,
            18.63753846153846
          ],
          [
            110.22315384615383,
            18.637384615384615
          ],
          [
            110.2226923076923,
            18.63723076923077
          ],
          [
            110.22223076923076,
            18.637076923076922
          ],
          [
            110.22176923076923,
            18.636923076923075
          ],
          [
            110.22130769230769,
            18.63676923076923
          ],
          [
            110.22084615384615,
            18.636615384615382
          ],
          [
            110.2203846153846,
            18.63646153846154
          ],
          [
            110.21992307692307,
            18.636307692307692
          ],
          [
            110.21946153846153,
            18.636153846153846
          ],
          [
            110.219,
            18.636
          ],
          [
            110.21861538461538,
            18.635723076923075
          ],
          [
            110.21823076923076,
            18.635446153846154
          ],
          [
            110.21784615384615,
            18.63516923076923
          ],
          [
            110.21746153846154,
            18.634892307692308
          ],
          [
            110.21707692307692,
            18.634615384615383
          ],
          [
            110.2166923076923,
            18.634338461538462
          ],
          [
            110.2163076923077,
            18.634061538461538
          ],
          [
            110.21592307692308,
            18.633784615384617
          ],
          [
            110.21553846153846,
            18.633507692307692
          ],
          [
            110.21515384615384,
            18.63323076923077
          ],
          [
            110.21476923076924,
            18.632953846153846
          ],
          [
            110.21438461538462,
            18.632676923076925
          ],
          [
            110.214,
            18.6324
          ],
          [
            110.2135625,
            18.632275
          ],
          [
            110.21312499999999,
            18.63215
          ],
          [
            110.2126875,
            18.632025
          ],
          [
            110.21225,
            18.6319
          ],
          [
            110.2118125,
            18.631775
          ],
          [
            110.211375,
            18.63165
          ],
          [
            110.2109375,
            18.631525
          ],
          [
            110.2105,
            18.6314
          ]
        ]
      },
      "properties": {
        "dataNature": "SIMULATED_MISSION_DATA",
        "sourceName": "WRJ Demo Generator",
        "caseId": "riyue-3d",
        "generatedAt": "2026-07-18T18:11:47.919Z",
        "realLocationContext": true,
        "operationalUseAllowed": false,
        "simulationNote": "基于真实地理环境生成的模拟无人机规划数据，不可用于真实飞行",
        "objectName": "UAV-03 静态完整规划线",
        "uav_id": "UAV-03",
        "callsign": "WRJ03",
        "strip_range": "9-12",
        "missionStage": "多阶段静态侦察任务",
        "speed_mps": 26,
        "coverage_altitude_m": 108,
        "transit_altitude_m": 136,
        "max_altitude_m": 147.5,
        "total_distance_km": 19.96,
        "total_duration_min": 13.5,
        "start_time": 1784509240,
        "end_time": 1784510048,
        "status": "VALID",
        "color": "#4ED6A0"
      }
    }
  ]
}
