{
  "type": "FeatureCollection",
  "features": [
    {
      "type": "Feature",
      "geometry": {
        "type": "LineString",
        "coordinates": [
          [
            110.1905865,
            18.6222318
          ],
          [
            110.1855105,
            18.6194363
          ],
          [
            110.1834229,
            18.6180748
          ],
          [
            110.1815558,
            18.6166646
          ]
        ]
      },
      "properties": {
        "dataNature": "REAL_PUBLIC_GEODATA",
        "sourceName": "OpenStreetMap",
        "sourceType": "way",
        "sourceId": "389174685",
        "sourceRef": "way/389174685",
        "retrievedAt": "2026-07-18T16:53:33.292Z",
        "name": "海南东环高速线",
        "category": "named_place",
        "geometryOrigin": "original",
        "osmTags": {
          "alt_name": "海南环岛高铁线东段;海南环岛高铁东段",
          "electrified": "contact_line",
          "frequency": "50",
          "gauge": "1435",
          "highspeed": "yes",
          "layer": "-1",
          "loc_name": "海南东环铁路",
          "maxspeed": "250",
          "name": "海南东环高速线",
          "passenger_lines": "2",
          "railway": "rail",
          "railway:traffic_mode": "passenger",
          "ref": "3018",
          "start_date": "2010-12-30",
          "tunnel": "yes",
          "usage": "main",
          "voltage": "25000"
        },
        "verifiedForDemo": false,
        "verificationNote": "已完成查询边界与原始标签自动校验，待底图目视复核"
      }
    },
    {
      "type": "Feature",
      "geometry": {
        "type": "LineString",
        "coordinates": [
          [
            110.2146851,
            18.6309048
          ],
          [
            110.2142322,
            18.6307141
          ],
          [
            110.2139488,
            18.6305873
          ],
          [
            110.2138782,
            18.6305206
          ],
          [
            110.2137843,
            18.6304063
          ],
          [
            110.2137608,
            18.6303069
          ],
          [
            110.2137165,
            18.6300116
          ],
          [
            110.2135831,
            18.6293038
          ],
          [
            110.2134926,
            18.6290511
          ],
          [
            110.2133712,
            18.6288914
          ],
          [
            110.2130459,
            18.6285118
          ],
          [
            110.2128804,
            18.6283755
          ],
          [
            110.2126891,
            18.6282651
          ],
          [
            110.211985,
            18.6279881
          ],
          [
            110.2118075,
            18.6279307
          ],
          [
            110.2116012,
            18.6278936
          ],
          [
            110.2095782,
            18.6278037
          ],
          [
            110.2093279,
            18.6278412
          ],
          [
            110.2091682,
            18.6279205
          ],
          [
            110.2090555,
            18.6280171
          ],
          [
            110.2089538,
            18.6282115
          ],
          [
            110.2086014,
            18.6289623
          ],
          [
            110.20833,
            18.6296227
          ]
        ]
      },
      "properties": {
        "dataNature": "REAL_PUBLIC_GEODATA",
        "sourceName": "OpenStreetMap",
        "sourceType": "way",
        "sourceId": "394469820",
        "sourceRef": "way/394469820",
        "retrievedAt": "2026-07-18T16:53:33.292Z",
        "name": null,
        "category": "highway_tertiary",
        "geometryOrigin": "original",
        "osmTags": {
          "highway": "tertiary"
        },
        "verifiedForDemo": false,
        "verificationNote": "已完成查询边界与原始标签自动校验，待底图目视复核"
      }
    },
    {
      "type": "Feature",
      "geometry": {
        "type": "LineString",
        "coordinates": [
          [
            110.2086913,
            18.6306587
          ],
          [
            110.2087551,
            18.630475
          ],
          [
            110.2087996,
            18.6302643
          ],
          [
            110.2087107,
            18.6300874
          ],
          [
            110.2083485,
            18.6298562
          ]
        ]
      },
      "properties": {
        "dataNature": "REAL_PUBLIC_GEODATA",
        "sourceName": "OpenStreetMap",
        "sourceType": "way",
        "sourceId": "394469824",
        "sourceRef": "way/394469824",
        "retrievedAt": "2026-07-18T16:53:33.292Z",
        "name": null,
        "category": "highway_motorway_link",
        "geometryOrigin": "original",
        "osmTags": {
          "highway": "motorway_link",
          "oneway": "yes"
        },
        "verifiedForDemo": false,
        "verificationNote": "已完成查询边界与原始标签自动校验，待底图目视复核"
      }
    },
    {
      "type": "Feature",
      "geometry": {
        "type": "LineString",
        "coordinates": [
          [
            110.2071546,
            18.6292474
          ],
          [
            110.2075106,
            18.6293235
          ],
          [
            110.2077681,
            18.629354
          ],
          [
            110.2079796,
            18.6293309
          ],
          [
            110.2081978,
            18.6292626
          ],
          [
            110.2083541,
            18.6291643
          ],
          [
            110.2086014,
            18.6289623
          ]
        ]
      },
      "properties": {
        "dataNature": "REAL_PUBLIC_GEODATA",
        "sourceName": "OpenStreetMap",
        "sourceType": "way",
        "sourceId": "394469826",
        "sourceRef": "way/394469826",
        "retrievedAt": "2026-07-18T16:53:33.292Z",
        "name": null,
        "category": "highway_motorway_link",
        "geometryOrigin": "original",
        "osmTags": {
          "highway": "motorway_link",
          "oneway": "yes"
        },
        "verifiedForDemo": false,
        "verificationNote": "已完成查询边界与原始标签自动校验，待底图目视复核"
      }
    },
    {
      "type": "Feature",
      "geometry": {
        "type": "LineString",
        "coordinates": [
          [
            110.2086014,
            18.6289623
          ],
          [
            110.2086398,
            18.629171
          ],
          [
            110.2086949,
            18.6293425
          ],
          [
            110.2087917,
            18.6295147
          ],
          [
            110.2089195,
            18.629706
          ],
          [
            110.2091374,
            18.629902
          ],
          [
            110.2095812,
            18.6302394
          ]
        ]
      },
      "properties": {
        "dataNature": "REAL_PUBLIC_GEODATA",
        "sourceName": "OpenStreetMap",
        "sourceType": "way",
        "sourceId": "394469831",
        "sourceRef": "way/394469831",
        "retrievedAt": "2026-07-18T16:53:33.292Z",
        "name": null,
        "category": "highway_motorway_link",
        "geometryOrigin": "original",
        "osmTags": {
          "highway": "motorway_link",
          "oneway": "yes"
        },
        "verifiedForDemo": false,
        "verificationNote": "已完成查询边界与原始标签自动校验，待底图目视复核"
      }
    },
    {
      "type": "Feature",
      "geometry": {
        "type": "LineString",
        "coordinates": [
          [
            110.2008484,
            18.6199768
          ],
          [
            110.2026458,
            18.6171843
          ]
        ]
      },
      "properties": {
        "dataNature": "REAL_PUBLIC_GEODATA",
        "sourceName": "OpenStreetMap",
        "sourceType": "way",
        "sourceId": "549923556",
        "sourceRef": "way/549923556",
        "retrievedAt": "2026-07-18T16:53:33.292Z",
        "name": null,
        "category": "highway_tertiary",
        "geometryOrigin": "original",
        "osmTags": {
          "bridge": "yes",
          "highway": "tertiary",
          "layer": "1"
        },
        "verifiedForDemo": false,
        "verificationNote": "已完成查询边界与原始标签自动校验，待底图目视复核"
      }
    },
    {
      "type": "Feature",
      "geometry": {
        "type": "Polygon",
        "coordinates": [
          [
            [
              110.200907,
              18.6120215
            ],
            [
              110.2010088,
              18.6118529
            ],
            [
              110.2011195,
              18.6116895
            ],
            [
              110.2012389,
              18.6115317
            ],
            [
              110.2013666,
              18.6113799
            ],
            [
              110.2015024,
              18.6112344
            ],
            [
              110.2016457,
              18.6110957
            ],
            [
              110.2017964,
              18.6109641
            ],
            [
              110.201954,
              18.6108399
            ],
            [
              110.202118,
              18.6107236
            ],
            [
              110.2022881,
              18.6106153
            ],
            [
              110.2024638,
              18.6105153
            ],
            [
              110.2026446,
              18.610424
            ],
            [
              110.2028301,
              18.6103416
            ],
            [
              110.2030198,
              18.6102682
            ],
            [
              110.2032133,
              18.6102041
            ],
            [
              110.2034099,
              18.6101495
            ],
            [
              110.2036092,
              18.6101044
            ],
            [
              110.2038107,
              18.610069
            ],
            [
              110.2040138,
              18.6100434
            ],
            [
              110.204218,
              18.6100277
            ],
            [
              110.2044228,
              18.6100218
            ],
            [
              110.2046277,
              18.6100259
            ],
            [
              110.204832,
              18.6100398
            ],
            [
              110.2050354,
              18.6100636
            ],
            [
              110.2052372,
              18.6100973
            ],
            [
              110.2054369,
              18.6101406
            ],
            [
              110.2056341,
              18.6101935
            ],
            [
              110.2058281,
              18.6102559
            ],
            [
              110.2060185,
              18.6103276
            ],
            [
              110.2062048,
              18.6104084
            ],
            [
              110.2063866,
              18.6104981
            ],
            [
              110.2065632,
              18.6105965
            ],
            [
              110.2067344,
              18.6107033
            ],
            [
              110.2068995,
              18.6108182
            ],
            [
              110.2070583,
              18.610941
            ],
            [
              110.2072102,
              18.6110713
            ],
            [
              110.207355,
              18.6112087
            ],
            [
              110.2074921,
              18.611353
            ],
            [
              110.2076213,
              18.6115037
            ],
            [
              110.2077422,
              18.6116605
            ],
            [
              110.2078546,
              18.6118229
            ],
            [
              110.207958,
              18.6119905
            ],
            [
              110.2080523,
              18.6121629
            ],
            [
              110.2081371,
              18.6123397
            ],
            [
              110.2082124,
              18.6125203
            ],
            [
              110.2082778,
              18.6127043
            ],
            [
              110.2083333,
              18.6128913
            ],
            [
              110.2083786,
              18.6130806
            ],
            [
              110.2084136,
              18.613272
            ],
            [
              110.2084383,
              18.6134647
            ],
            [
              110.2084526,
              18.6136584
            ],
            [
              110.2084564,
              18.6138526
            ],
            [
              110.2084498,
              18.6140467
            ],
            [
              110.2084328,
              18.6142402
            ],
            [
              110.2084053,
              18.6144326
            ],
            [
              110.2083676,
              18.6146235
            ],
            [
              110.2083196,
              18.6148123
            ],
            [
              110.2082615,
              18.6149985
            ],
            [
              110.2081934,
              18.6151816
            ],
            [
              110.2081156,
              18.6153613
            ],
            [
              110.2080283,
              18.6155369
            ],
            [
              110.2079318,
              18.6157077
            ],
            [
              110.2078263,
              18.6158736
            ],
            [
              110.207712,
              18.6160342
            ],
            [
              110.2075892,
              18.616189
            ],
            [
              110.2074583,
              18.6163378
            ],
            [
              110.2073196,
              18.61648
            ],
            [
              110.2071734,
              18.6166154
            ],
            [
              110.2070201,
              18.6167435
            ],
            [
              110.2068601,
              18.6168641
            ],
            [
              110.2066939,
              18.6169768
            ],
            [
              110.2065218,
              18.6170814
            ],
            [
              110.2063444,
              18.6171775
            ],
            [
              110.206162,
              18.6172649
            ],
            [
              110.2059751,
              18.6173435
            ],
            [
              110.2057843,
              18.6174129
            ],
            [
              110.20559,
              18.617473
            ],
            [
              110.2053927,
              18.6175237
            ],
            [
              110.205193,
              18.6175647
            ],
            [
              110.2049913,
              18.6175962
            ],
            [
              110.2047882,
              18.6176178
            ],
            [
              110.2045842,
              18.6176296
            ],
            [
              110.2043798,
              18.6176316
            ],
            [
              110.2041756,
              18.6176237
            ],
            [
              110.203972,
              18.6176059
            ],
            [
              110.2037697,
              18.6175784
            ],
            [
              110.2035691,
              18.6175411
            ],
            [
              110.2033708,
              18.6174943
            ],
            [
              110.2031753,
              18.6174379
            ],
            [
              110.202983,
              18.6173721
            ],
            [
              110.2027986,
              18.6172989
            ],
            [
              110.2025699,
              18.617193
            ],
            [
              110.2024424,
              18.6171269
            ],
            [
              110.2022715,
              18.6170285
            ],
            [
              110.202106,
              18.6169221
            ],
            [
              110.2019463,
              18.6168081
            ],
            [
              110.2017927,
              18.6166867
            ],
            [
              110.2016458,
              18.6165582
            ],
            [
              110.2015058,
              18.6164229
            ],
            [
              110.201373,
              18.6162812
            ],
            [
              110.2012479,
              18.6161333
            ],
            [
              110.2011307,
              18.6159798
            ],
            [
              110.2010217,
              18.6158209
            ],
            [
              110.2009212,
              18.6156571
            ],
            [
              110.2008294,
              18.6154888
            ],
            [
              110.2007466,
              18.6153163
            ],
            [
              110.2006729,
              18.6151401
            ],
            [
              110.2006086,
              18.6149607
            ],
            [
              110.2005538,
              18.6147784
            ],
            [
              110.2005086,
              18.6145938
            ],
            [
              110.2004732,
              18.6144073
            ],
            [
              110.2004476,
              18.6142194
            ],
            [
              110.200432,
              18.6140304
            ],
            [
              110.2004263,
              18.613841
            ],
            [
              110.2004305,
              18.6136515
            ],
            [
              110.2004447,
              18.6134625
            ],
            [
              110.2004688,
              18.6132744
            ],
            [
              110.2005027,
              18.6130876
            ],
            [
              110.2005465,
              18.6129027
            ],
            [
              110.2005999,
              18.6127201
            ],
            [
              110.2006628,
              18.6125402
            ],
            [
              110.200735,
              18.6123635
            ],
            [
              110.2008165,
              18.6121905
            ],
            [
              110.200907,
              18.6120215
            ]
          ]
        ]
      },
      "properties": {
        "dataNature": "REAL_PUBLIC_GEODATA",
        "sourceName": "OpenStreetMap",
        "sourceType": "way",
        "sourceId": "549923558",
        "sourceRef": "way/549923558",
        "retrievedAt": "2026-07-18T16:53:33.292Z",
        "name": "融创日岛",
        "category": "natural_coastline",
        "geometryOrigin": "original",
        "osmTags": {
          "name": "融创日岛",
          "natural": "coastline",
          "place": "islet"
        },
        "verifiedForDemo": false,
        "verificationNote": "已完成查询边界与原始标签自动校验，待底图目视复核"
      }
    },
    {
      "type": "Feature",
      "geometry": {
        "type": "Polygon",
        "coordinates": [
          [
            [
              110.180741,
              18.6168569
            ],
            [
              110.1805471,
              18.6171146
            ],
            [
              110.1803845,
              18.6170047
            ],
            [
              110.1805784,
              18.6167471
            ],
            [
              110.180741,
              18.6168569
            ]
          ]
        ]
      },
      "properties": {
        "dataNature": "REAL_PUBLIC_GEODATA",
        "sourceName": "OpenStreetMap",
        "sourceType": "way",
        "sourceId": "549932537",
        "sourceRef": "way/549932537",
        "retrievedAt": "2026-07-18T16:53:33.292Z",
        "name": null,
        "category": "building_yes",
        "geometryOrigin": "original",
        "osmTags": {
          "building": "yes"
        },
        "verifiedForDemo": false,
        "verificationNote": "已完成查询边界与原始标签自动校验，待底图目视复核"
      }
    },
    {
      "type": "Feature",
      "geometry": {
        "type": "LineString",
        "coordinates": [
          [
            110.2006656,
            18.6202749
          ],
          [
            110.2008484,
            18.6199768
          ]
        ]
      },
      "properties": {
        "dataNature": "REAL_PUBLIC_GEODATA",
        "sourceName": "OpenStreetMap",
        "sourceType": "way",
        "sourceId": "550100660",
        "sourceRef": "way/550100660",
        "retrievedAt": "2026-07-18T16:53:33.292Z",
        "name": null,
        "category": "highway_tertiary",
        "geometryOrigin": "original",
        "osmTags": {
          "highway": "tertiary"
        },
        "verifiedForDemo": false,
        "verificationNote": "已完成查询边界与原始标签自动校验，待底图目视复核"
      }
    },
    {
      "type": "Feature",
      "geometry": {
        "type": "LineString",
        "coordinates": [
          [
            110.2095782,
            18.6278037
          ],
          [
            110.209592,
            18.6275749
          ],
          [
            110.2095867,
            18.6274553
          ],
          [
            110.2095142,
            18.6273181
          ],
          [
            110.2094344,
            18.627223
          ],
          [
            110.2069687,
            18.6245909
          ],
          [
            110.2065557,
            18.6241943
          ],
          [
            110.204954,
            18.6229448
          ],
          [
            110.2045227,
            18.6226083
          ],
          [
            110.2042973,
            18.622471
          ],
          [
            110.2040183,
            18.6223084
          ],
          [
            110.203793,
            18.6221177
          ],
          [
            110.2035463,
            18.6219169
          ],
          [
            110.2034326,
            18.6218397
          ],
          [
            110.2033853,
            18.6218076
          ],
          [
            110.2031735,
            18.6217085
          ],
          [
            110.2029538,
            18.6216255
          ],
          [
            110.2027738,
            18.6215509
          ],
          [
            110.2025887,
            18.6214492
          ],
          [
            110.2016848,
            18.6208646
          ],
          [
            110.2006656,
            18.6202749
          ],
          [
            110.1997214,
            18.6198479
          ],
          [
            110.1994318,
            18.6197005
          ],
          [
            110.1991314,
            18.6195124
          ],
          [
            110.1984742,
            18.619004
          ],
          [
            110.1979378,
            18.6186202
          ],
          [
            110.1974362,
            18.6182415
          ],
          [
            110.1971573,
            18.6179924
          ],
          [
            110.196299,
            18.6172196
          ],
          [
            110.1954862,
            18.6164977
          ],
          [
            110.1948076,
            18.6158292
          ],
          [
            110.1939681,
            18.6148786
          ],
          [
            110.193606,
            18.6145837
          ],
          [
            110.1926699,
            18.6138262
          ],
          [
            110.1919967,
            18.6133026
          ],
          [
            110.1907682,
            18.6122934
          ],
          [
            110.1896819,
            18.6112233
          ],
          [
            110.189175,
            18.6105573
          ],
          [
            110.1884133,
            18.6095405
          ],
          [
            110.1883797,
            18.609308
          ]
        ]
      },
      "properties": {
        "dataNature": "REAL_PUBLIC_GEODATA",
        "sourceName": "OpenStreetMap",
        "sourceType": "way",
        "sourceId": "550100661",
        "sourceRef": "way/550100661",
        "retrievedAt": "2026-07-18T16:53:33.292Z",
        "name": null,
        "category": "highway_tertiary",
        "geometryOrigin": "original",
        "osmTags": {
          "highway": "tertiary"
        },
        "verifiedForDemo": false,
        "verificationNote": "已完成查询边界与原始标签自动校验，待底图目视复核"
      }
    },
    {
      "type": "Feature",
      "geometry": {
        "type": "LineString",
        "coordinates": [
          [
            110.1905622,
            18.6222712
          ],
          [
            110.1854847,
            18.6194749
          ],
          [
            110.1833942,
            18.6181115
          ],
          [
            110.1815248,
            18.6166996
          ]
        ]
      },
      "properties": {
        "dataNature": "REAL_PUBLIC_GEODATA",
        "sourceName": "OpenStreetMap",
        "sourceType": "way",
        "sourceId": "627788874",
        "sourceRef": "way/627788874",
        "retrievedAt": "2026-07-18T16:53:33.292Z",
        "name": "海南东环高速线",
        "category": "named_place",
        "geometryOrigin": "original",
        "osmTags": {
          "alt_name": "海南环岛高铁线东段;海南环岛高铁东段",
          "electrified": "contact_line",
          "frequency": "50",
          "gauge": "1435",
          "highspeed": "yes",
          "layer": "-1",
          "loc_name": "海南东环铁路",
          "maxspeed": "250",
          "name": "海南东环高速线",
          "passenger_lines": "2",
          "railway": "rail",
          "railway:traffic_mode": "passenger",
          "ref": "3018",
          "start_date": "2010-12-30",
          "tunnel": "yes",
          "usage": "main",
          "voltage": "25000"
        },
        "verifiedForDemo": false,
        "verificationNote": "已完成查询边界与原始标签自动校验，待底图目视复核"
      }
    },
    {
      "type": "Feature",
      "geometry": {
        "type": "Polygon",
        "coordinates": [
          [
            [
              110.2205247,
              18.6320507
            ],
            [
              110.22122,
              18.6317901
            ],
            [
              110.2216059,
              18.6317094
            ],
            [
              110.221442,
              18.63216
            ],
            [
              110.2213937,
              18.6322896
            ],
            [
              110.2213588,
              18.6323176
            ],
            [
              110.2211174,
              18.632404
            ],
            [
              110.2207419,
              18.6324523
            ],
            [
              110.2202001,
              18.6324828
            ],
            [
              110.2197924,
              18.6325235
            ],
            [
              110.2194625,
              18.6325514
            ],
            [
              110.2191728,
              18.6325387
            ],
            [
              110.2184379,
              18.6323786
            ],
            [
              110.2178425,
              18.6321244
            ],
            [
              110.2174669,
              18.6319313
            ],
            [
              110.2171397,
              18.6317838
            ],
            [
              110.2165711,
              18.6314382
            ],
            [
              110.2161366,
              18.6311738
            ],
            [
              110.2154124,
              18.6304571
            ],
            [
              110.2151817,
              18.6302817
            ],
            [
              110.2149269,
              18.6301343
            ],
            [
              110.2147686,
              18.6299615
            ],
            [
              110.2144146,
              18.6298954
            ],
            [
              110.2141571,
              18.6295167
            ],
            [
              110.2139398,
              18.6288686
            ],
            [
              110.2138782,
              18.6287974
            ],
            [
              110.2134651,
              18.6286805
            ],
            [
              110.2134222,
              18.6284466
            ],
            [
              110.2132264,
              18.6284161
            ],
            [
              110.2128911,
              18.6282179
            ],
            [
              110.2122903,
              18.6279535
            ],
            [
              110.2119389,
              18.6277172
            ],
            [
              110.2113783,
              18.6275215
            ],
            [
              110.2108446,
              18.6276562
            ],
            [
              110.2105388,
              18.6275265
            ],
            [
              110.2099407,
              18.6273969
            ],
            [
              110.209592,
              18.6272114
            ],
            [
              110.2097398,
              18.627043
            ],
            [
              110.210489,
              18.6272625
            ],
            [
              110.2111852,
              18.627158
            ],
            [
              110.2119428,
              18.6274004
            ],
            [
              110.2125095,
              18.6277164
            ],
            [
              110.2128599,
              18.62789
            ],
            [
              110.2134055,
              18.6280425
            ],
            [
              110.2139401,
              18.6280299
            ],
            [
              110.2143602,
              18.628816
            ],
            [
              110.2147499,
              18.62919
            ],
            [
              110.2152579,
              18.6295467
            ],
            [
              110.21569,
              18.62984
            ],
            [
              110.2160728,
              18.6301724
            ],
            [
              110.2166049,
              18.6308357
            ],
            [
              110.2170843,
              18.6311728
            ],
            [
              110.2174024,
              18.6313463
            ],
            [
              110.2178512,
              18.6316471
            ],
            [
              110.2181642,
              18.6318766
            ],
            [
              110.2185506,
              18.6320075
            ],
            [
              110.2189904,
              18.6320838
            ],
            [
              110.2197683,
              18.6321193
            ],
            [
              110.2205247,
              18.6320507
            ]
          ]
        ]
      },
      "properties": {
        "dataNature": "REAL_PUBLIC_GEODATA",
        "sourceName": "OpenStreetMap",
        "sourceType": "way",
        "sourceId": "844022320",
        "sourceRef": "way/844022320",
        "retrievedAt": "2026-07-18T16:53:33.292Z",
        "name": "Wanning Riyue Bay",
        "category": "natural_beach",
        "geometryOrigin": "original",
        "osmTags": {
          "name": "Wanning Riyue Bay",
          "natural": "beach"
        },
        "verifiedForDemo": false,
        "verificationNote": "已完成查询边界与原始标签自动校验，待底图目视复核"
      }
    },
    {
      "type": "Feature",
      "geometry": {
        "type": "LineString",
        "coordinates": [
          [
            110.2043188,
            18.6320228
          ],
          [
            110.2034765,
            18.6314636
          ],
          [
            110.2028221,
            18.6310722
          ],
          [
            110.2027255,
            18.6309934
          ],
          [
            110.2026309,
            18.6308655
          ],
          [
            110.2024063,
            18.6304774
          ],
          [
            110.2021945,
            18.6302563
          ],
          [
            110.2015829,
            18.6297302
          ],
          [
            110.2009767,
            18.6292574
          ],
          [
            110.2000756,
            18.6286677
          ],
          [
            110.199936,
            18.6285915
          ],
          [
            110.1985949,
            18.6276003
          ],
          [
            110.1981041,
            18.6272444
          ],
          [
            110.1976481,
            18.6269699
          ],
          [
            110.1973584,
            18.626825
          ],
          [
            110.1970446,
            18.6267869
          ],
          [
            110.1969615,
            18.6267234
          ],
          [
            110.1969051,
            18.6265124
          ],
          [
            110.1968542,
            18.6263879
          ],
          [
            110.1958966,
            18.625544
          ],
          [
            110.195556,
            18.6252924
          ],
          [
            110.1954138,
            18.6252695
          ],
          [
            110.1952529,
            18.6253178
          ],
          [
            110.1948076,
            18.6255516
          ],
          [
            110.1942122,
            18.625938
          ],
          [
            110.1940781,
            18.6260091
          ],
          [
            110.1936758,
            18.6260651
          ],
          [
            110.1935416,
            18.6260244
          ],
          [
            110.1934612,
            18.6259227
          ],
          [
            110.1933351,
            18.6255669
          ],
          [
            110.1932815,
            18.6253102
          ],
          [
            110.1931608,
            18.6250229
          ],
          [
            110.193032,
            18.6248171
          ],
          [
            110.1924661,
            18.6241638
          ],
          [
            110.1921952,
            18.623897
          ],
          [
            110.1920128,
            18.6235462
          ],
          [
            110.1918787,
            18.6232259
          ],
          [
            110.1918706,
            18.6230785
          ]
        ]
      },
      "properties": {
        "dataNature": "REAL_PUBLIC_GEODATA",
        "sourceName": "OpenStreetMap",
        "sourceType": "way",
        "sourceId": "844022331",
        "sourceRef": "way/844022331",
        "retrievedAt": "2026-07-18T16:53:33.292Z",
        "name": null,
        "category": "highway_unclassified",
        "geometryOrigin": "original",
        "osmTags": {
          "highway": "unclassified"
        },
        "verifiedForDemo": false,
        "verificationNote": "已完成查询边界与原始标签自动校验，待底图目视复核"
      }
    },
    {
      "type": "Feature",
      "geometry": {
        "type": "LineString",
        "coordinates": [
          [
            110.2026458,
            18.6171843
          ],
          [
            110.2027684,
            18.6169858
          ],
          [
            110.2036482,
            18.6156233
          ],
          [
            110.2040049,
            18.6156666
          ],
          [
            110.204182,
            18.6156742
          ],
          [
            110.2047855,
            18.6156945
          ],
          [
            110.204933,
            18.6156843
          ],
          [
            110.2050939,
            18.6156437
          ],
          [
            110.2052415,
            18.6155649
          ],
          [
            110.2054024,
            18.61542
          ],
          [
            110.205574,
            18.6152065
          ],
          [
            110.2060381,
            18.614543
          ],
          [
            110.2061802,
            18.6142024
          ],
          [
            110.2061909,
            18.6138237
          ],
          [
            110.2060622,
            18.6134424
          ],
          [
            110.2057859,
            18.6130153
          ],
          [
            110.2054748,
            18.6125553
          ],
          [
            110.2052173,
            18.6122451
          ],
          [
            110.2049598,
            18.6120621
          ],
          [
            110.2046058,
            18.6119376
          ],
          [
            110.20419,
            18.6119401
          ],
          [
            110.2037957,
            18.6120825
          ],
          [
            110.2033639,
            18.6124587
          ]
        ]
      },
      "properties": {
        "dataNature": "REAL_PUBLIC_GEODATA",
        "sourceName": "OpenStreetMap",
        "sourceType": "way",
        "sourceId": "844022332",
        "sourceRef": "way/844022332",
        "retrievedAt": "2026-07-18T16:53:33.292Z",
        "name": null,
        "category": "highway_tertiary",
        "geometryOrigin": "original",
        "osmTags": {
          "highway": "tertiary"
        },
        "verifiedForDemo": false,
        "verificationNote": "已完成查询边界与原始标签自动校验，待底图目视复核"
      }
    },
    {
      "type": "Feature",
      "geometry": {
        "type": "LineString",
        "coordinates": [
          [
            110.2114598,
            18.6338884
          ],
          [
            110.1905622,
            18.6222712
          ]
        ]
      },
      "properties": {
        "dataNature": "REAL_PUBLIC_GEODATA",
        "sourceName": "OpenStreetMap",
        "sourceType": "way",
        "sourceId": "860387305",
        "sourceRef": "way/860387305",
        "retrievedAt": "2026-07-18T16:53:33.292Z",
        "name": "海南东环高速线",
        "category": "named_place",
        "geometryOrigin": "original",
        "osmTags": {
          "alt_name": "海南环岛高铁线东段;海南环岛高铁东段",
          "electrified": "contact_line",
          "frequency": "50",
          "gauge": "1435",
          "highspeed": "yes",
          "loc_name": "海南东环铁路",
          "maxspeed": "250",
          "name": "海南东环高速线",
          "passenger_lines": "2",
          "railway": "rail",
          "railway:traffic_mode": "passenger",
          "ref": "3018",
          "start_date": "2010-12-30",
          "usage": "main",
          "voltage": "25000"
        },
        "verifiedForDemo": false,
        "verificationNote": "已完成查询边界与原始标签自动校验，待底图目视复核"
      }
    },
    {
      "type": "Feature",
      "geometry": {
        "type": "LineString",
        "coordinates": [
          [
            110.2114794,
            18.6338464
          ],
          [
            110.1905865,
            18.6222318
          ]
        ]
      },
      "properties": {
        "dataNature": "REAL_PUBLIC_GEODATA",
        "sourceName": "OpenStreetMap",
        "sourceType": "way",
        "sourceId": "860387306",
        "sourceRef": "way/860387306",
        "retrievedAt": "2026-07-18T16:53:33.292Z",
        "name": "海南东环高速线",
        "category": "named_place",
        "geometryOrigin": "original",
        "osmTags": {
          "alt_name": "海南环岛高铁线东段;海南环岛高铁东段",
          "electrified": "contact_line",
          "frequency": "50",
          "gauge": "1435",
          "highspeed": "yes",
          "loc_name": "海南东环铁路",
          "maxspeed": "250",
          "name": "海南东环高速线",
          "passenger_lines": "2",
          "railway": "rail",
          "railway:traffic_mode": "passenger",
          "ref": "3018",
          "start_date": "2010-12-30",
          "usage": "main",
          "voltage": "25000"
        },
        "verifiedForDemo": false,
        "verificationNote": "已完成查询边界与原始标签自动校验，待底图目视复核"
      }
    },
    {
      "type": "Feature",
      "geometry": {
        "type": "LineString",
        "coordinates": [
          [
            110.2086014,
            18.6289623
          ],
          [
            110.2074409,
            18.6287237
          ],
          [
            110.2072578,
            18.6286713
          ],
          [
            110.2068642,
            18.6285585
          ],
          [
            110.2062339,
            18.6282535
          ],
          [
            110.205948,
            18.6281193
          ],
          [
            110.2045441,
            18.6274605
          ],
          [
            110.2034551,
            18.6269394
          ],
          [
            110.2032566,
            18.626792
          ],
          [
            110.2030742,
            18.6265531
          ],
          [
            110.2023583,
            18.6255547
          ],
          [
            110.2022293,
            18.6254449
          ]
        ]
      },
      "properties": {
        "dataNature": "REAL_PUBLIC_GEODATA",
        "sourceName": "OpenStreetMap",
        "sourceType": "way",
        "sourceId": "1036839402",
        "sourceRef": "way/1036839402",
        "retrievedAt": "2026-07-18T16:53:33.292Z",
        "name": null,
        "category": "highway_unclassified",
        "geometryOrigin": "original",
        "osmTags": {
          "highway": "unclassified"
        },
        "verifiedForDemo": false,
        "verificationNote": "已完成查询边界与原始标签自动校验，待底图目视复核"
      }
    },
    {
      "type": "Feature",
      "geometry": {
        "type": "LineString",
        "coordinates": [
          [
            110.2039996,
            18.6260524
          ],
          [
            110.2034551,
            18.6269394
          ]
        ]
      },
      "properties": {
        "dataNature": "REAL_PUBLIC_GEODATA",
        "sourceName": "OpenStreetMap",
        "sourceType": "way",
        "sourceId": "1036839403",
        "sourceRef": "way/1036839403",
        "retrievedAt": "2026-07-18T16:53:33.292Z",
        "name": null,
        "category": "highway_track",
        "geometryOrigin": "original",
        "osmTags": {
          "highway": "track"
        },
        "verifiedForDemo": false,
        "verificationNote": "已完成查询边界与原始标签自动校验，待底图目视复核"
      }
    },
    {
      "type": "Feature",
      "geometry": {
        "type": "LineString",
        "coordinates": [
          [
            110.2024768,
            18.6251284
          ],
          [
            110.202546,
            18.625173
          ],
          [
            110.2039996,
            18.6260524
          ],
          [
            110.2062017,
            18.6273664
          ]
        ]
      },
      "properties": {
        "dataNature": "REAL_PUBLIC_GEODATA",
        "sourceName": "OpenStreetMap",
        "sourceType": "way",
        "sourceId": "1036839404",
        "sourceRef": "way/1036839404",
        "retrievedAt": "2026-07-18T16:53:33.292Z",
        "name": null,
        "category": "highway_track",
        "geometryOrigin": "original",
        "osmTags": {
          "highway": "track"
        },
        "verifiedForDemo": false,
        "verificationNote": "已完成查询边界与原始标签自动校验，待底图目视复核"
      }
    },
    {
      "type": "Feature",
      "geometry": {
        "type": "LineString",
        "coordinates": [
          [
            110.2022293,
            18.6254449
          ],
          [
            110.2020121,
            18.6252568
          ],
          [
            110.2017331,
            18.624845
          ],
          [
            110.2015775,
            18.6246569
          ],
          [
            110.2015454,
            18.6243977
          ],
          [
            110.2014059,
            18.6242147
          ],
          [
            110.2009231,
            18.6238537
          ],
          [
            110.20073,
            18.6238029
          ],
          [
            110.2003115,
            18.6234471
          ],
          [
            110.1997375,
            18.6231065
          ],
          [
            110.1993996,
            18.6231878
          ],
          [
            110.1988202,
            18.6231268
          ],
          [
            110.1985735,
            18.6231065
          ]
        ]
      },
      "properties": {
        "dataNature": "REAL_PUBLIC_GEODATA",
        "sourceName": "OpenStreetMap",
        "sourceType": "way",
        "sourceId": "1036839406",
        "sourceRef": "way/1036839406",
        "retrievedAt": "2026-07-18T16:53:33.292Z",
        "name": null,
        "category": "highway_track",
        "geometryOrigin": "original",
        "osmTags": {
          "highway": "track"
        },
        "verifiedForDemo": false,
        "verificationNote": "已完成查询边界与原始标签自动校验，待底图目视复核"
      }
    },
    {
      "type": "Feature",
      "geometry": {
        "type": "LineString",
        "coordinates": [
          [
            110.199936,
            18.6285915
          ],
          [
            110.1994318,
            18.6292625
          ],
          [
            110.1992494,
            18.629415
          ],
          [
            110.1992279,
            18.6295116
          ],
          [
            110.1992708,
            18.6296285
          ],
          [
            110.1997322,
            18.6299844
          ],
          [
            110.199877,
            18.6300098
          ],
          [
            110.2001506,
            18.6300657
          ],
          [
            110.2002847,
            18.6301216
          ],
          [
            110.2011967,
            18.6305639
          ]
        ]
      },
      "properties": {
        "dataNature": "REAL_PUBLIC_GEODATA",
        "sourceName": "OpenStreetMap",
        "sourceType": "way",
        "sourceId": "1036839411",
        "sourceRef": "way/1036839411",
        "retrievedAt": "2026-07-18T16:53:33.292Z",
        "name": null,
        "category": "highway_unclassified",
        "geometryOrigin": "original",
        "osmTags": {
          "highway": "unclassified"
        },
        "verifiedForDemo": false,
        "verificationNote": "已完成查询边界与原始标签自动校验，待底图目视复核"
      }
    },
    {
      "type": "Feature",
      "geometry": {
        "type": "LineString",
        "coordinates": [
          [
            110.2006532,
            18.6277452
          ],
          [
            110.2012333,
            18.626819
          ]
        ]
      },
      "properties": {
        "dataNature": "REAL_PUBLIC_GEODATA",
        "sourceName": "OpenStreetMap",
        "sourceType": "way",
        "sourceId": "1036839412",
        "sourceRef": "way/1036839412",
        "retrievedAt": "2026-07-18T16:53:33.292Z",
        "name": null,
        "category": "highway_unclassified",
        "geometryOrigin": "original",
        "osmTags": {
          "highway": "unclassified"
        },
        "verifiedForDemo": false,
        "verificationNote": "已完成查询边界与原始标签自动校验，待底图目视复核"
      }
    },
    {
      "type": "Feature",
      "geometry": {
        "type": "LineString",
        "coordinates": [
          [
            110.2005756,
            18.6278693
          ],
          [
            110.2006532,
            18.6277452
          ]
        ]
      },
      "properties": {
        "dataNature": "REAL_PUBLIC_GEODATA",
        "sourceName": "OpenStreetMap",
        "sourceType": "way",
        "sourceId": "1036839413",
        "sourceRef": "way/1036839413",
        "retrievedAt": "2026-07-18T16:53:33.292Z",
        "name": null,
        "category": "highway_unclassified",
        "geometryOrigin": "original",
        "osmTags": {
          "highway": "unclassified",
          "layer": "-1",
          "tunnel": "yes"
        },
        "verifiedForDemo": false,
        "verificationNote": "已完成查询边界与原始标签自动校验，待底图目视复核"
      }
    },
    {
      "type": "Feature",
      "geometry": {
        "type": "LineString",
        "coordinates": [
          [
            110.2012333,
            18.626819
          ],
          [
            110.201457,
            18.6264617
          ]
        ]
      },
      "properties": {
        "dataNature": "REAL_PUBLIC_GEODATA",
        "sourceName": "OpenStreetMap",
        "sourceType": "way",
        "sourceId": "1036839414",
        "sourceRef": "way/1036839414",
        "retrievedAt": "2026-07-18T16:53:33.292Z",
        "name": null,
        "category": "highway_unclassified",
        "geometryOrigin": "original",
        "osmTags": {
          "bridge": "yes",
          "highway": "unclassified",
          "layer": "1"
        },
        "verifiedForDemo": false,
        "verificationNote": "已完成查询边界与原始标签自动校验，待底图目视复核"
      }
    },
    {
      "type": "Feature",
      "geometry": {
        "type": "LineString",
        "coordinates": [
          [
            110.2000756,
            18.6286677
          ],
          [
            110.2005756,
            18.6278693
          ]
        ]
      },
      "properties": {
        "dataNature": "REAL_PUBLIC_GEODATA",
        "sourceName": "OpenStreetMap",
        "sourceType": "way",
        "sourceId": "1036839415",
        "sourceRef": "way/1036839415",
        "retrievedAt": "2026-07-18T16:53:33.292Z",
        "name": null,
        "category": "highway_unclassified",
        "geometryOrigin": "original",
        "osmTags": {
          "highway": "unclassified"
        },
        "verifiedForDemo": false,
        "verificationNote": "已完成查询边界与原始标签自动校验，待底图目视复核"
      }
    },
    {
      "type": "Feature",
      "geometry": {
        "type": "LineString",
        "coordinates": [
          [
            110.201457,
            18.6264617
          ],
          [
            110.2016258,
            18.6261921
          ],
          [
            110.2021927,
            18.62549
          ],
          [
            110.2022293,
            18.6254449
          ],
          [
            110.2024768,
            18.6251284
          ],
          [
            110.2029803,
            18.6244841
          ],
          [
            110.2030581,
            18.6243265
          ],
          [
            110.2030688,
            18.6242401
          ],
          [
            110.203042,
            18.6241689
          ],
          [
            110.2029589,
            18.6241003
          ],
          [
            110.202696,
            18.6239402
          ],
          [
            110.2020067,
            18.6234039
          ],
          [
            110.2019396,
            18.6233251
          ],
          [
            110.2019477,
            18.6232717
          ],
          [
            110.2019718,
            18.6232158
          ],
          [
            110.2021274,
            18.6231624
          ],
          [
            110.2021918,
            18.6231192
          ],
          [
            110.2023929,
            18.622865
          ],
          [
            110.2024895,
            18.6226312
          ],
          [
            110.2026531,
            18.6225193
          ],
          [
            110.2027094,
            18.6223973
          ],
          [
            110.2027202,
            18.6221863
          ],
          [
            110.2028382,
            18.6220033
          ],
          [
            110.202873,
            18.6217898
          ],
          [
            110.20293,
            18.6216739
          ],
          [
            110.2029538,
            18.6216255
          ]
        ]
      },
      "properties": {
        "dataNature": "REAL_PUBLIC_GEODATA",
        "sourceName": "OpenStreetMap",
        "sourceType": "way",
        "sourceId": "1036839416",
        "sourceRef": "way/1036839416",
        "retrievedAt": "2026-07-18T16:53:33.292Z",
        "name": null,
        "category": "highway_unclassified",
        "geometryOrigin": "original",
        "osmTags": {
          "highway": "unclassified"
        },
        "verifiedForDemo": false,
        "verificationNote": "已完成查询边界与原始标签自动校验，待底图目视复核"
      }
    },
    {
      "type": "Feature",
      "geometry": {
        "type": "LineString",
        "coordinates": [
          [
            110.1931788,
            18.6218399
          ],
          [
            110.1933941,
            18.6215179
          ]
        ]
      },
      "properties": {
        "dataNature": "REAL_PUBLIC_GEODATA",
        "sourceName": "OpenStreetMap",
        "sourceType": "way",
        "sourceId": "1036839417",
        "sourceRef": "way/1036839417",
        "retrievedAt": "2026-07-18T16:53:33.292Z",
        "name": null,
        "category": "highway_unclassified",
        "geometryOrigin": "original",
        "osmTags": {
          "highway": "unclassified"
        },
        "verifiedForDemo": false,
        "verificationNote": "已完成查询边界与原始标签自动校验，待底图目视复核"
      }
    },
    {
      "type": "Feature",
      "geometry": {
        "type": "LineString",
        "coordinates": [
          [
            110.193014,
            18.6220863
          ],
          [
            110.1931788,
            18.6218399
          ]
        ]
      },
      "properties": {
        "dataNature": "REAL_PUBLIC_GEODATA",
        "sourceName": "OpenStreetMap",
        "sourceType": "way",
        "sourceId": "1036839418",
        "sourceRef": "way/1036839418",
        "retrievedAt": "2026-07-18T16:53:33.292Z",
        "name": null,
        "category": "highway_unclassified",
        "geometryOrigin": "original",
        "osmTags": {
          "bridge": "yes",
          "highway": "unclassified",
          "layer": "1"
        },
        "verifiedForDemo": false,
        "verificationNote": "已完成查询边界与原始标签自动校验，待底图目视复核"
      }
    },
    {
      "type": "Feature",
      "geometry": {
        "type": "LineString",
        "coordinates": [
          [
            110.1918089,
            18.6227786
          ],
          [
            110.1921523,
            18.6228879
          ],
          [
            110.1923722,
            18.6228752
          ],
          [
            110.1928282,
            18.6223643
          ],
          [
            110.193014,
            18.6220863
          ]
        ]
      },
      "properties": {
        "dataNature": "REAL_PUBLIC_GEODATA",
        "sourceName": "OpenStreetMap",
        "sourceType": "way",
        "sourceId": "1036839419",
        "sourceRef": "way/1036839419",
        "retrievedAt": "2026-07-18T16:53:33.292Z",
        "name": null,
        "category": "highway_unclassified",
        "geometryOrigin": "original",
        "osmTags": {
          "highway": "unclassified"
        },
        "verifiedForDemo": false,
        "verificationNote": "已完成查询边界与原始标签自动校验，待底图目视复核"
      }
    },
    {
      "type": "Feature",
      "geometry": {
        "type": "LineString",
        "coordinates": [
          [
            110.1973584,
            18.626825
          ],
          [
            110.1973531,
            18.6263574
          ],
          [
            110.1973987,
            18.6262481
          ],
          [
            110.1974469,
            18.6261896
          ]
        ]
      },
      "properties": {
        "dataNature": "REAL_PUBLIC_GEODATA",
        "sourceName": "OpenStreetMap",
        "sourceType": "way",
        "sourceId": "1036839421",
        "sourceRef": "way/1036839421",
        "retrievedAt": "2026-07-18T16:53:33.292Z",
        "name": null,
        "category": "highway_unclassified",
        "geometryOrigin": "original",
        "osmTags": {
          "highway": "unclassified"
        },
        "verifiedForDemo": false,
        "verificationNote": "已完成查询边界与原始标签自动校验，待底图目视复核"
      }
    },
    {
      "type": "Feature",
      "geometry": {
        "type": "LineString",
        "coordinates": [
          [
            110.1975381,
            18.6260244
          ],
          [
            110.1975194,
            18.6259202
          ],
          [
            110.1974308,
            18.6258236
          ],
          [
            110.1974496,
            18.6256355
          ]
        ]
      },
      "properties": {
        "dataNature": "REAL_PUBLIC_GEODATA",
        "sourceName": "OpenStreetMap",
        "sourceType": "way",
        "sourceId": "1036839422",
        "sourceRef": "way/1036839422",
        "retrievedAt": "2026-07-18T16:53:33.292Z",
        "name": null,
        "category": "highway_unclassified",
        "geometryOrigin": "original",
        "osmTags": {
          "highway": "unclassified"
        },
        "verifiedForDemo": false,
        "verificationNote": "已完成查询边界与原始标签自动校验，待底图目视复核"
      }
    },
    {
      "type": "Feature",
      "geometry": {
        "type": "LineString",
        "coordinates": [
          [
            110.1974469,
            18.6261896
          ],
          [
            110.1975381,
            18.6260244
          ]
        ]
      },
      "properties": {
        "dataNature": "REAL_PUBLIC_GEODATA",
        "sourceName": "OpenStreetMap",
        "sourceType": "way",
        "sourceId": "1036839423",
        "sourceRef": "way/1036839423",
        "retrievedAt": "2026-07-18T16:53:33.292Z",
        "name": null,
        "category": "highway_unclassified",
        "geometryOrigin": "original",
        "osmTags": {
          "highway": "unclassified",
          "layer": "-1",
          "tunnel": "yes"
        },
        "verifiedForDemo": false,
        "verificationNote": "已完成查询边界与原始标签自动校验，待底图目视复核"
      }
    },
    {
      "type": "Feature",
      "geometry": {
        "type": "LineString",
        "coordinates": [
          [
            110.1956311,
            18.6251882
          ],
          [
            110.1957384,
            18.6250128
          ]
        ]
      },
      "properties": {
        "dataNature": "REAL_PUBLIC_GEODATA",
        "sourceName": "OpenStreetMap",
        "sourceType": "way",
        "sourceId": "1036839424",
        "sourceRef": "way/1036839424",
        "retrievedAt": "2026-07-18T16:53:33.292Z",
        "name": null,
        "category": "highway_unclassified",
        "geometryOrigin": "original",
        "osmTags": {
          "highway": "unclassified",
          "layer": "-1",
          "tunnel": "yes"
        },
        "verifiedForDemo": false,
        "verificationNote": "已完成查询边界与原始标签自动校验，待底图目视复核"
      }
    },
    {
      "type": "Feature",
      "geometry": {
        "type": "LineString",
        "coordinates": [
          [
            110.195556,
            18.6252924
          ],
          [
            110.1956311,
            18.6251882
          ]
        ]
      },
      "properties": {
        "dataNature": "REAL_PUBLIC_GEODATA",
        "sourceName": "OpenStreetMap",
        "sourceType": "way",
        "sourceId": "1036839425",
        "sourceRef": "way/1036839425",
        "retrievedAt": "2026-07-18T16:53:33.292Z",
        "name": null,
        "category": "highway_unclassified",
        "geometryOrigin": "original",
        "osmTags": {
          "highway": "unclassified"
        },
        "verifiedForDemo": false,
        "verificationNote": "已完成查询边界与原始标签自动校验，待底图目视复核"
      }
    },
    {
      "type": "Feature",
      "geometry": {
        "type": "LineString",
        "coordinates": [
          [
            110.1957384,
            18.6250128
          ],
          [
            110.1958054,
            18.6248959
          ],
          [
            110.1958135,
            18.6246671
          ]
        ]
      },
      "properties": {
        "dataNature": "REAL_PUBLIC_GEODATA",
        "sourceName": "OpenStreetMap",
        "sourceType": "way",
        "sourceId": "1036839426",
        "sourceRef": "way/1036839426",
        "retrievedAt": "2026-07-18T16:53:33.292Z",
        "name": null,
        "category": "highway_unclassified",
        "geometryOrigin": "original",
        "osmTags": {
          "highway": "unclassified"
        },
        "verifiedForDemo": false,
        "verificationNote": "已完成查询边界与原始标签自动校验，待底图目视复核"
      }
    },
    {
      "type": "Feature",
      "geometry": {
        "type": "LineString",
        "coordinates": [
          [
            110.1907253,
            18.6239122
          ],
          [
            110.1909587,
            18.6237114
          ],
          [
            110.1911545,
            18.6234903
          ],
          [
            110.1913744,
            18.623353
          ],
          [
            110.19164,
            18.6232437
          ],
          [
            110.1918787,
            18.6232259
          ]
        ]
      },
      "properties": {
        "dataNature": "REAL_PUBLIC_GEODATA",
        "sourceName": "OpenStreetMap",
        "sourceType": "way",
        "sourceId": "1036839428",
        "sourceRef": "way/1036839428",
        "retrievedAt": "2026-07-18T16:53:33.292Z",
        "name": null,
        "category": "highway_unclassified",
        "geometryOrigin": "original",
        "osmTags": {
          "highway": "unclassified"
        },
        "verifiedForDemo": false,
        "verificationNote": "已完成查询边界与原始标签自动校验，待底图目视复核"
      }
    },
    {
      "type": "Feature",
      "geometry": {
        "type": "LineString",
        "coordinates": [
          [
            110.1803157,
            18.6157453
          ],
          [
            110.1804846,
            18.6156742
          ]
        ]
      },
      "properties": {
        "dataNature": "REAL_PUBLIC_GEODATA",
        "sourceName": "OpenStreetMap",
        "sourceType": "way",
        "sourceId": "1036839442",
        "sourceRef": "way/1036839442",
        "retrievedAt": "2026-07-18T16:53:33.292Z",
        "name": null,
        "category": "highway_unclassified",
        "geometryOrigin": "original",
        "osmTags": {
          "highway": "unclassified",
          "layer": "-1",
          "tunnel": "yes"
        },
        "verifiedForDemo": false,
        "verificationNote": "已完成查询边界与原始标签自动校验，待底图目视复核"
      }
    },
    {
      "type": "Feature",
      "geometry": {
        "type": "LineString",
        "coordinates": [
          [
            110.1848727,
            18.6163096
          ],
          [
            110.1850578,
            18.6161775
          ]
        ]
      },
      "properties": {
        "dataNature": "REAL_PUBLIC_GEODATA",
        "sourceName": "OpenStreetMap",
        "sourceType": "way",
        "sourceId": "1036839443",
        "sourceRef": "way/1036839443",
        "retrievedAt": "2026-07-18T16:53:33.292Z",
        "name": null,
        "category": "highway_unclassified",
        "geometryOrigin": "original",
        "osmTags": {
          "highway": "unclassified"
        },
        "verifiedForDemo": false,
        "verificationNote": "已完成查询边界与原始标签自动校验，待底图目视复核"
      }
    },
    {
      "type": "Feature",
      "geometry": {
        "type": "LineString",
        "coordinates": [
          [
            110.185267,
            18.6160224
          ],
          [
            110.1852965,
            18.6159741
          ],
          [
            110.1852804,
            18.6159182
          ],
          [
            110.1827645,
            18.6127052
          ]
        ]
      },
      "properties": {
        "dataNature": "REAL_PUBLIC_GEODATA",
        "sourceName": "OpenStreetMap",
        "sourceType": "way",
        "sourceId": "1036839444",
        "sourceRef": "way/1036839444",
        "retrievedAt": "2026-07-18T16:53:33.292Z",
        "name": null,
        "category": "highway_unclassified",
        "geometryOrigin": "original",
        "osmTags": {
          "highway": "unclassified"
        },
        "verifiedForDemo": false,
        "verificationNote": "已完成查询边界与原始标签自动校验，待底图目视复核"
      }
    },
    {
      "type": "Feature",
      "geometry": {
        "type": "LineString",
        "coordinates": [
          [
            110.1850578,
            18.6161775
          ],
          [
            110.185267,
            18.6160224
          ]
        ]
      },
      "properties": {
        "dataNature": "REAL_PUBLIC_GEODATA",
        "sourceName": "OpenStreetMap",
        "sourceType": "way",
        "sourceId": "1036839445",
        "sourceRef": "way/1036839445",
        "retrievedAt": "2026-07-18T16:53:33.292Z",
        "name": null,
        "category": "highway_unclassified",
        "geometryOrigin": "original",
        "osmTags": {
          "highway": "unclassified",
          "layer": "-1",
          "tunnel": "yes"
        },
        "verifiedForDemo": false,
        "verificationNote": "已完成查询边界与原始标签自动校验，待底图目视复核"
      }
    },
    {
      "type": "Feature",
      "geometry": {
        "type": "LineString",
        "coordinates": [
          [
            110.2082174,
            18.6298966
          ],
          [
            110.2081035,
            18.6301739
          ],
          [
            110.2080631,
            18.6303326
          ],
          [
            110.2080873,
            18.6304571
          ],
          [
            110.2081665,
            18.6305937
          ],
          [
            110.2082777,
            18.6306858
          ],
          [
            110.2084422,
            18.630727
          ],
          [
            110.2085727,
            18.6307163
          ],
          [
            110.2086913,
            18.6306587
          ]
        ]
      },
      "properties": {
        "dataNature": "REAL_PUBLIC_GEODATA",
        "sourceName": "OpenStreetMap",
        "sourceType": "way",
        "sourceId": "1087286920",
        "sourceRef": "way/1087286920",
        "retrievedAt": "2026-07-18T16:53:33.292Z",
        "name": null,
        "category": "highway_tertiary",
        "geometryOrigin": "original",
        "osmTags": {
          "highway": "tertiary"
        },
        "verifiedForDemo": false,
        "verificationNote": "已完成查询边界与原始标签自动校验，待底图目视复核"
      }
    },
    {
      "type": "Feature",
      "geometry": {
        "type": "LineString",
        "coordinates": [
          [
            110.20833,
            18.6296227
          ],
          [
            110.2082174,
            18.6298966
          ]
        ]
      },
      "properties": {
        "dataNature": "REAL_PUBLIC_GEODATA",
        "sourceName": "OpenStreetMap",
        "sourceType": "way",
        "sourceId": "1087286921",
        "sourceRef": "way/1087286921",
        "retrievedAt": "2026-07-18T16:53:33.292Z",
        "name": null,
        "category": "highway_tertiary",
        "geometryOrigin": "original",
        "osmTags": {
          "bridge": "yes",
          "highway": "tertiary",
          "layer": "1"
        },
        "verifiedForDemo": false,
        "verificationNote": "已完成查询边界与原始标签自动校验，待底图目视复核"
      }
    },
    {
      "type": "Feature",
      "geometry": {
        "type": "Polygon",
        "coordinates": [
          [
            [
              110.1921133,
              18.6219911
            ],
            [
              110.1921705,
              18.6219503
            ],
            [
              110.1922321,
              18.622028
            ],
            [
              110.1921749,
              18.6220687
            ],
            [
              110.1921133,
              18.6219911
            ]
          ]
        ]
      },
      "properties": {
        "dataNature": "REAL_PUBLIC_GEODATA",
        "sourceName": "OpenStreetMap",
        "sourceType": "way",
        "sourceId": "1178707149",
        "sourceRef": "way/1178707149",
        "retrievedAt": "2026-07-18T16:53:33.292Z",
        "name": null,
        "category": "building_yes",
        "geometryOrigin": "original",
        "osmTags": {
          "building": "yes"
        },
        "verifiedForDemo": false,
        "verificationNote": "已完成查询边界与原始标签自动校验，待底图目视复核"
      }
    },
    {
      "type": "Feature",
      "geometry": {
        "type": "Polygon",
        "coordinates": [
          [
            [
              110.1919947,
              18.6216332
            ],
            [
              110.1920475,
              18.6215812
            ],
            [
              110.1921318,
              18.621658
            ],
            [
              110.192079,
              18.62171
            ],
            [
              110.1919947,
              18.6216332
            ]
          ]
        ]
      },
      "properties": {
        "dataNature": "REAL_PUBLIC_GEODATA",
        "sourceName": "OpenStreetMap",
        "sourceType": "way",
        "sourceId": "1178707150",
        "sourceRef": "way/1178707150",
        "retrievedAt": "2026-07-18T16:53:33.292Z",
        "name": null,
        "category": "building_yes",
        "geometryOrigin": "original",
        "osmTags": {
          "building": "yes"
        },
        "verifiedForDemo": false,
        "verificationNote": "已完成查询边界与原始标签自动校验，待底图目视复核"
      }
    },
    {
      "type": "Feature",
      "geometry": {
        "type": "Polygon",
        "coordinates": [
          [
            [
              110.1925036,
              18.622093
            ],
            [
              110.1924356,
              18.6220075
            ],
            [
              110.1924976,
              18.6219632
            ],
            [
              110.1925656,
              18.6220487
            ],
            [
              110.1925036,
              18.622093
            ]
          ]
        ]
      },
      "properties": {
        "dataNature": "REAL_PUBLIC_GEODATA",
        "sourceName": "OpenStreetMap",
        "sourceType": "way",
        "sourceId": "1178707151",
        "sourceRef": "way/1178707151",
        "retrievedAt": "2026-07-18T16:53:33.292Z",
        "name": null,
        "category": "building_yes",
        "geometryOrigin": "original",
        "osmTags": {
          "building": "yes"
        },
        "verifiedForDemo": false,
        "verificationNote": "已完成查询边界与原始标签自动校验，待底图目视复核"
      }
    },
    {
      "type": "Feature",
      "geometry": {
        "type": "Polygon",
        "coordinates": [
          [
            [
              110.1832634,
              18.6148256
            ],
            [
              110.1832117,
              18.6147186
            ],
            [
              110.1832869,
              18.614686
            ],
            [
              110.1833386,
              18.6147929
            ],
            [
              110.1832634,
              18.6148256
            ]
          ]
        ]
      },
      "properties": {
        "dataNature": "REAL_PUBLIC_GEODATA",
        "sourceName": "OpenStreetMap",
        "sourceType": "way",
        "sourceId": "1178707153",
        "sourceRef": "way/1178707153",
        "retrievedAt": "2026-07-18T16:53:33.292Z",
        "name": null,
        "category": "building_yes",
        "geometryOrigin": "original",
        "osmTags": {
          "building": "yes"
        },
        "verifiedForDemo": false,
        "verificationNote": "已完成查询边界与原始标签自动校验，待底图目视复核"
      }
    },
    {
      "type": "Feature",
      "geometry": {
        "type": "Polygon",
        "coordinates": [
          [
            [
              110.1820252,
              18.614376
            ],
            [
              110.1819521,
              18.6142747
            ],
            [
              110.1820212,
              18.6142299
            ],
            [
              110.1820943,
              18.6143313
            ],
            [
              110.1820252,
              18.614376
            ]
          ]
        ]
      },
      "properties": {
        "dataNature": "REAL_PUBLIC_GEODATA",
        "sourceName": "OpenStreetMap",
        "sourceType": "way",
        "sourceId": "1178707155",
        "sourceRef": "way/1178707155",
        "retrievedAt": "2026-07-18T16:53:33.292Z",
        "name": null,
        "category": "building_yes",
        "geometryOrigin": "original",
        "osmTags": {
          "building": "yes"
        },
        "verifiedForDemo": false,
        "verificationNote": "已完成查询边界与原始标签自动校验，待底图目视复核"
      }
    },
    {
      "type": "Feature",
      "geometry": {
        "type": "Polygon",
        "coordinates": [
          [
            [
              110.1800485,
              18.6165494
            ],
            [
              110.180102,
              18.6164726
            ],
            [
              110.1803951,
              18.6166558
            ],
            [
              110.1803416,
              18.6167326
            ],
            [
              110.1800485,
              18.6165494
            ]
          ]
        ]
      },
      "properties": {
        "dataNature": "REAL_PUBLIC_GEODATA",
        "sourceName": "OpenStreetMap",
        "sourceType": "way",
        "sourceId": "1178707157",
        "sourceRef": "way/1178707157",
        "retrievedAt": "2026-07-18T16:53:33.292Z",
        "name": null,
        "category": "building_yes",
        "geometryOrigin": "original",
        "osmTags": {
          "building": "yes"
        },
        "verifiedForDemo": false,
        "verificationNote": "已完成查询边界与原始标签自动校验，待底图目视复核"
      }
    },
    {
      "type": "Feature",
      "geometry": {
        "type": "LineString",
        "coordinates": [
          [
            110.1918089,
            18.6227786
          ],
          [
            110.191471,
            18.6220745
          ],
          [
            110.1912349,
            18.6216373
          ],
          [
            110.1908755,
            18.6210883
          ],
          [
            110.1906096,
            18.6207572
          ],
          [
            110.1903123,
            18.6205189
          ],
          [
            110.1870507,
            18.6182364
          ],
          [
            110.1861253,
            18.6175933
          ],
          [
            110.1857311,
            18.6172705
          ],
          [
            110.1850069,
            18.6165105
          ],
          [
            110.1848727,
            18.6163096
          ],
          [
            110.1847118,
            18.6160656
          ],
          [
            110.1836711,
            18.6149319
          ],
          [
            110.183596,
            18.6148862
          ],
          [
            110.1834726,
            18.6148659
          ],
          [
            110.1832849,
            18.6148964
          ],
          [
            110.1829201,
            18.614998
          ],
          [
            110.1827592,
            18.6150336
          ],
          [
            110.1820913,
            18.615059
          ],
          [
            110.1818258,
            18.6151353
          ],
          [
            110.1804846,
            18.6156742
          ]
        ]
      },
      "properties": {
        "dataNature": "REAL_PUBLIC_GEODATA",
        "sourceName": "OpenStreetMap",
        "sourceType": "way",
        "sourceId": "1196569292",
        "sourceRef": "way/1196569292",
        "retrievedAt": "2026-07-18T16:53:33.292Z",
        "name": null,
        "category": "highway_unclassified",
        "geometryOrigin": "original",
        "osmTags": {
          "highway": "unclassified"
        },
        "verifiedForDemo": false,
        "verificationNote": "已完成查询边界与原始标签自动校验，待底图目视复核"
      }
    },
    {
      "type": "Feature",
      "geometry": {
        "type": "LineString",
        "coordinates": [
          [
            110.1918706,
            18.6230785
          ],
          [
            110.1918089,
            18.6227786
          ]
        ]
      },
      "properties": {
        "dataNature": "REAL_PUBLIC_GEODATA",
        "sourceName": "OpenStreetMap",
        "sourceType": "way",
        "sourceId": "1196569293",
        "sourceRef": "way/1196569293",
        "retrievedAt": "2026-07-18T16:53:33.292Z",
        "name": null,
        "category": "highway_unclassified",
        "geometryOrigin": "original",
        "osmTags": {
          "bridge": "yes",
          "highway": "unclassified",
          "layer": "1"
        },
        "verifiedForDemo": false,
        "verificationNote": "已完成查询边界与原始标签自动校验，待底图目视复核"
      }
    },
    {
      "type": "Feature",
      "geometry": {
        "type": "Polygon",
        "coordinates": [
          [
            [
              110.2095179,
              18.6284961
            ],
            [
              110.2095937,
              18.6285181
            ],
            [
              110.2095867,
              18.6285399
            ],
            [
              110.2098582,
              18.6286186
            ],
            [
              110.2098518,
              18.6286386
            ],
            [
              110.2102596,
              18.6287569
            ],
            [
              110.2103472,
              18.6284856
            ],
            [
              110.21028,
              18.6284661
            ],
            [
              110.2102927,
              18.6284268
            ],
            [
              110.2102279,
              18.628408
            ],
            [
              110.2102524,
              18.6283323
            ],
            [
              110.2101719,
              18.6283089
            ],
            [
              110.2101486,
              18.6283811
            ],
            [
              110.2100751,
              18.6283597
            ],
            [
              110.2100635,
              18.6283956
            ],
            [
              110.209686,
              18.628286
            ],
            [
              110.2096662,
              18.6282997
            ],
            [
              110.2095885,
              18.6282772
            ],
            [
              110.2095179,
              18.6284961
            ]
          ]
        ]
      },
      "properties": {
        "dataNature": "REAL_PUBLIC_GEODATA",
        "sourceName": "OpenStreetMap",
        "sourceType": "way",
        "sourceId": "1196891176",
        "sourceRef": "way/1196891176",
        "retrievedAt": "2026-07-18T16:53:33.292Z",
        "name": null,
        "category": "building_yes",
        "geometryOrigin": "original",
        "osmTags": {
          "building": "yes"
        },
        "verifiedForDemo": false,
        "verificationNote": "已完成查询边界与原始标签自动校验，待底图目视复核"
      }
    },
    {
      "type": "Feature",
      "geometry": {
        "type": "Polygon",
        "coordinates": [
          [
            [
              110.2087324,
              18.6291643
            ],
            [
              110.2088654,
              18.6294612
            ],
            [
              110.2089727,
              18.6296482
            ],
            [
              110.2091873,
              18.6298556
            ],
            [
              110.2094577,
              18.630059
            ],
            [
              110.2099555,
              18.6302745
            ],
            [
              110.2140005,
              18.6319397
            ],
            [
              110.214045,
              18.6318863
            ],
            [
              110.2137124,
              18.6316952
            ],
            [
              110.2139699,
              18.6311991
            ],
            [
              110.2138884,
              18.6311564
            ],
            [
              110.2138369,
              18.631258
            ],
            [
              110.2137618,
              18.6312377
            ],
            [
              110.2136416,
              18.6314675
            ],
            [
              110.2129164,
              18.6311665
            ],
            [
              110.2129378,
              18.6311157
            ],
            [
              110.2126546,
              18.6309937
            ],
            [
              110.2126846,
              18.6309205
            ],
            [
              110.2125042,
              18.6308371
            ],
            [
              110.2127282,
              18.6302823
            ],
            [
              110.2128302,
              18.6301179
            ],
            [
              110.2131926,
              18.6302315
            ],
            [
              110.2133125,
              18.6300744
            ],
            [
              110.2133589,
              18.6300101
            ],
            [
              110.2133288,
              18.6299755
            ],
            [
              110.2134104,
              18.6298382
            ],
            [
              110.2134898,
              18.629823
            ],
            [
              110.2134941,
              18.6297752
            ],
            [
              110.2135295,
              18.6297447
            ],
            [
              110.213567,
              18.6297345
            ],
            [
              110.2136389,
              18.6297447
            ],
            [
              110.2136072,
              18.6295805
            ],
            [
              110.2133559,
              18.6298671
            ],
            [
              110.2133176,
              18.6298489
            ],
            [
              110.2131275,
              18.6300968
            ],
            [
              110.2127929,
              18.6299408
            ],
            [
              110.2129474,
              18.629648
            ],
            [
              110.2126899,
              18.6294874
            ],
            [
              110.2124796,
              18.6297598
            ],
            [
              110.2123573,
              18.6296785
            ],
            [
              110.2123101,
              18.6295829
            ],
            [
              110.2123015,
              18.6294874
            ],
            [
              110.2123423,
              18.6293877
            ],
            [
              110.2124066,
              18.6293166
            ],
            [
              110.212544,
              18.6292901
            ],
            [
              110.2126834,
              18.6293125
            ],
            [
              110.2127181,
              18.6293226
            ],
            [
              110.2129661,
              18.6290001
            ],
            [
              110.2128637,
              18.6289195
            ],
            [
              110.2128173,
              18.628817
            ],
            [
              110.2127108,
              18.6287982
            ],
            [
              110.2126567,
              18.6288153
            ],
            [
              110.2126206,
              18.6287896
            ],
            [
              110.2126314,
              18.6287418
            ],
            [
              110.2127595,
              18.6286033
            ],
            [
              110.2126853,
              18.6285283
            ],
            [
              110.2126559,
              18.6285216
            ],
            [
              110.2126219,
              18.6285642
            ],
            [
              110.2123838,
              18.6283933
            ],
            [
              110.2124804,
              18.6282725
            ],
            [
              110.2125297,
              18.6282171
            ],
            [
              110.2122159,
              18.6280986
            ],
            [
              110.2121594,
              18.6281582
            ],
            [
              110.2120854,
              18.6282984
            ],
            [
              110.212015,
              18.628266
            ],
            [
              110.2119176,
              18.6282112
            ],
            [
              110.2118382,
              18.6281805
            ],
            [
              110.2117426,
              18.6281599
            ],
            [
              110.2115946,
              18.6281428
            ],
            [
              110.2115224,
              18.6281394
            ],
            [
              110.2114467,
              18.6281411
            ],
            [
              110.2114485,
              18.6279821
            ],
            [
              110.2114437,
              18.6279128
            ],
            [
              110.2096524,
              18.6278675
            ],
            [
              110.2094035,
              18.6278733
            ],
            [
              110.2092626,
              18.6279401
            ],
            [
              110.2091249,
              18.6280344
            ],
            [
              110.2090355,
              18.6281626
            ],
            [
              110.208959,
              18.6282762
            ],
            [
              110.2087038,
              18.6288735
            ],
            [
              110.2086859,
              18.6290355
            ],
            [
              110.2087324,
              18.6291643
            ]
          ]
        ]
      },
      "properties": {
        "dataNature": "REAL_PUBLIC_GEODATA",
        "sourceName": "OpenStreetMap",
        "sourceType": "way",
        "sourceId": "1196894733",
        "sourceRef": "way/1196894733",
        "retrievedAt": "2026-07-18T16:53:33.292Z",
        "name": null,
        "category": "natural_wood",
        "geometryOrigin": "original",
        "osmTags": {
          "natural": "wood"
        },
        "verifiedForDemo": false,
        "verificationNote": "已完成查询边界与原始标签自动校验，待底图目视复核"
      }
    },
    {
      "type": "Feature",
      "geometry": {
        "type": "Polygon",
        "coordinates": [
          [
            [
              110.2081527,
              18.6298548
            ],
            [
              110.2080454,
              18.6301801
            ],
            [
              110.207951,
              18.6302899
            ],
            [
              110.2078609,
              18.6302777
            ],
            [
              110.207715,
              18.6302655
            ],
            [
              110.2074575,
              18.630233
            ],
            [
              110.2069639,
              18.6301517
            ],
            [
              110.2066549,
              18.6301354
            ],
            [
              110.2064404,
              18.6301923
            ],
            [
              110.2062344,
              18.6302859
            ],
            [
              110.2059332,
              18.6307354
            ],
            [
              110.2006532,
              18.6277452
            ],
            [
              110.2013548,
              18.6266541
            ],
            [
              110.2081527,
              18.6298548
            ]
          ]
        ]
      },
      "properties": {
        "dataNature": "REAL_PUBLIC_GEODATA",
        "sourceName": "OpenStreetMap",
        "sourceType": "way",
        "sourceId": "1196894734",
        "sourceRef": "way/1196894734",
        "retrievedAt": "2026-07-18T16:53:33.292Z",
        "name": null,
        "category": "natural_wood",
        "geometryOrigin": "original",
        "osmTags": {
          "natural": "wood"
        },
        "verifiedForDemo": false,
        "verificationNote": "已完成查询边界与原始标签自动校验，待底图目视复核"
      }
    },
    {
      "type": "Feature",
      "geometry": {
        "type": "Polygon",
        "coordinates": [
          [
            [
              110.2014334,
              18.6279351
            ],
            [
              110.2016117,
              18.6276753
            ],
            [
              110.2019315,
              18.6278724
            ],
            [
              110.2019904,
              18.6277865
            ],
            [
              110.2015739,
              18.6275299
            ],
            [
              110.2013698,
              18.6278274
            ],
            [
              110.2012824,
              18.6277735
            ],
            [
              110.2015548,
              18.6273763
            ],
            [
              110.2021474,
              18.6277412
            ],
            [
              110.2018791,
              18.6281325
            ],
            [
              110.2018001,
              18.6280843
            ],
            [
              110.2017618,
              18.6281375
            ],
            [
              110.2014334,
              18.6279351
            ]
          ]
        ]
      },
      "properties": {
        "dataNature": "REAL_PUBLIC_GEODATA",
        "sourceName": "OpenStreetMap",
        "sourceType": "way",
        "sourceId": "1196894735",
        "sourceRef": "way/1196894735",
        "retrievedAt": "2026-07-18T16:53:33.292Z",
        "name": null,
        "category": "building_yes",
        "geometryOrigin": "original",
        "osmTags": {
          "building": "yes"
        },
        "verifiedForDemo": false,
        "verificationNote": "已完成查询边界与原始标签自动校验，待底图目视复核"
      }
    },
    {
      "type": "Feature",
      "geometry": {
        "type": "Polygon",
        "coordinates": [
          [
            [
              110.2025568,
              18.6285244
            ],
            [
              110.2029593,
              18.628669
            ],
            [
              110.2029985,
              18.628571
            ],
            [
              110.2025961,
              18.6284263
            ],
            [
              110.2025568,
              18.6285244
            ]
          ]
        ]
      },
      "properties": {
        "dataNature": "REAL_PUBLIC_GEODATA",
        "sourceName": "OpenStreetMap",
        "sourceType": "way",
        "sourceId": "1196894736",
        "sourceRef": "way/1196894736",
        "retrievedAt": "2026-07-18T16:53:33.292Z",
        "name": null,
        "category": "building_yes",
        "geometryOrigin": "original",
        "osmTags": {
          "building": "yes"
        },
        "verifiedForDemo": false,
        "verificationNote": "已完成查询边界与原始标签自动校验，待底图目视复核"
      }
    },
    {
      "type": "Feature",
      "geometry": {
        "type": "Polygon",
        "coordinates": [
          [
            [
              110.2069687,
              18.6245909
            ],
            [
              110.204954,
              18.6229448
            ],
            [
              110.2042973,
              18.622471
            ],
            [
              110.2040183,
              18.6223084
            ],
            [
              110.2034326,
              18.6218397
            ],
            [
              110.20293,
              18.6216739
            ],
            [
              110.2028382,
              18.6220033
            ],
            [
              110.2027202,
              18.6221863
            ],
            [
              110.2027506,
              18.6223832
            ],
            [
              110.2026531,
              18.6225193
            ],
            [
              110.2024895,
              18.6226312
            ],
            [
              110.2023929,
              18.622865
            ],
            [
              110.2021918,
              18.6231192
            ],
            [
              110.2021274,
              18.6231624
            ],
            [
              110.2019718,
              18.6232158
            ],
            [
              110.2020172,
              18.6233305
            ],
            [
              110.202696,
              18.6239402
            ],
            [
              110.203145,
              18.6242058
            ],
            [
              110.2036146,
              18.6244912
            ],
            [
              110.203623,
              18.6246558
            ],
            [
              110.2041289,
              18.6249153
            ],
            [
              110.2045078,
              18.6252504
            ],
            [
              110.2046125,
              18.6251513
            ],
            [
              110.2045872,
              18.6250589
            ],
            [
              110.2047352,
              18.6250384
            ],
            [
              110.2049048,
              18.6253188
            ],
            [
              110.2048903,
              18.6255479
            ],
            [
              110.2060944,
              18.6267259
            ],
            [
              110.2065021,
              18.6266903
            ],
            [
              110.207811,
              18.6274122
            ],
            [
              110.2075481,
              18.6281238
            ],
            [
              110.2072578,
              18.6286713
            ],
            [
              110.2085643,
              18.6289099
            ],
            [
              110.2089705,
              18.6280049
            ],
            [
              110.2094839,
              18.6277166
            ],
            [
              110.2095349,
              18.6275279
            ],
            [
              110.2094344,
              18.627223
            ],
            [
              110.2069687,
              18.6245909
            ]
          ]
        ]
      },
      "properties": {
        "dataNature": "REAL_PUBLIC_GEODATA",
        "sourceName": "OpenStreetMap",
        "sourceType": "way",
        "sourceId": "1196894737",
        "sourceRef": "way/1196894737",
        "retrievedAt": "2026-07-18T16:53:33.292Z",
        "name": null,
        "category": "natural_wood",
        "geometryOrigin": "original",
        "osmTags": {
          "natural": "wood"
        },
        "verifiedForDemo": false,
        "verificationNote": "已完成查询边界与原始标签自动校验，待底图目视复核"
      }
    },
    {
      "type": "Feature",
      "geometry": {
        "type": "Polygon",
        "coordinates": [
          [
            [
              110.2131995,
              18.6288262
            ],
            [
              110.2130452,
              18.6287076
            ],
            [
              110.2128637,
              18.6289195
            ],
            [
              110.2129661,
              18.6290001
            ],
            [
              110.2130207,
              18.6290377
            ],
            [
              110.2131995,
              18.6288262
            ]
          ]
        ]
      },
      "properties": {
        "dataNature": "REAL_PUBLIC_GEODATA",
        "sourceName": "OpenStreetMap",
        "sourceType": "way",
        "sourceId": "844022322",
        "sourceRef": "way/844022322",
        "retrievedAt": "2026-07-18T16:53:33.292Z",
        "name": "Sun Moon Bay Supermarket",
        "category": "named_place",
        "geometryOrigin": "original",
        "osmTags": {
          "name": "Sun Moon Bay Supermarket",
          "shop": "supermarket"
        },
        "verifiedForDemo": false,
        "verificationNote": "已完成查询边界与原始标签自动校验，待底图目视复核"
      }
    },
    {
      "type": "Feature",
      "geometry": {
        "type": "Polygon",
        "coordinates": [
          [
            [
              110.2126853,
              18.6285283
            ],
            [
              110.2127402,
              18.628464
            ],
            [
              110.2130392,
              18.6286935
            ],
            [
              110.2129843,
              18.6287577
            ],
            [
              110.2126853,
              18.6285283
            ]
          ]
        ]
      },
      "properties": {
        "dataNature": "REAL_PUBLIC_GEODATA",
        "sourceName": "OpenStreetMap",
        "sourceType": "way",
        "sourceId": "844022323",
        "sourceRef": "way/844022323",
        "retrievedAt": "2026-07-18T16:53:33.292Z",
        "name": null,
        "category": "amenity_restaurant",
        "geometryOrigin": "original",
        "osmTags": {
          "amenity": "restaurant"
        },
        "verifiedForDemo": false,
        "verificationNote": "已完成查询边界与原始标签自动校验，待底图目视复核"
      }
    },
    {
      "type": "Feature",
      "geometry": {
        "type": "Polygon",
        "coordinates": [
          [
            [
              110.2123838,
              18.6283933
            ],
            [
              110.2124804,
              18.6282725
            ],
            [
              110.2127184,
              18.6284434
            ],
            [
              110.2126559,
              18.6285216
            ],
            [
              110.2126219,
              18.6285642
            ],
            [
              110.2123838,
              18.6283933
            ]
          ]
        ]
      },
      "properties": {
        "dataNature": "REAL_PUBLIC_GEODATA",
        "sourceName": "OpenStreetMap",
        "sourceType": "way",
        "sourceId": "844022324",
        "sourceRef": "way/844022324",
        "retrievedAt": "2026-07-18T16:53:33.292Z",
        "name": null,
        "category": "amenity_restaurant",
        "geometryOrigin": "original",
        "osmTags": {
          "amenity": "restaurant",
          "building": "yes"
        },
        "verifiedForDemo": false,
        "verificationNote": "已完成查询边界与原始标签自动校验，待底图目视复核"
      }
    },
    {
      "type": "Feature",
      "geometry": {
        "type": "Polygon",
        "coordinates": [
          [
            [
              110.2134105,
              18.6298558
            ],
            [
              110.2135355,
              18.6299075
            ],
            [
              110.2135089,
              18.6299652
            ],
            [
              110.2135945,
              18.6300006
            ],
            [
              110.2135655,
              18.6300634
            ],
            [
              110.213355,
              18.6299761
            ],
            [
              110.2134105,
              18.6298558
            ]
          ]
        ]
      },
      "properties": {
        "dataNature": "REAL_PUBLIC_GEODATA",
        "sourceName": "OpenStreetMap",
        "sourceType": "way",
        "sourceId": "1196569296",
        "sourceRef": "way/1196569296",
        "retrievedAt": "2026-07-18T16:53:33.292Z",
        "name": null,
        "category": "building_yes",
        "geometryOrigin": "original",
        "osmTags": {
          "building": "yes"
        },
        "verifiedForDemo": false,
        "verificationNote": "已完成查询边界与原始标签自动校验，待底图目视复核"
      }
    },
    {
      "type": "Feature",
      "geometry": {
        "type": "Polygon",
        "coordinates": [
          [
            [
              110.2135636,
              18.6297468
            ],
            [
              110.2135389,
              18.629754
            ],
            [
              110.2135183,
              18.6297689
            ],
            [
              110.2135042,
              18.6297895
            ],
            [
              110.2134985,
              18.6298134
            ],
            [
              110.2135017,
              18.6298377
            ],
            [
              110.213512,
              18.6298576
            ],
            [
              110.2135283,
              18.6298735
            ],
            [
              110.2135489,
              18.6298838
            ],
            [
              110.2135719,
              18.6298876
            ],
            [
              110.2135951,
              18.6298844
            ],
            [
              110.213616,
              18.6298747
            ],
            [
              110.2136328,
              18.6298592
            ],
            [
              110.2136436,
              18.6298396
            ],
            [
              110.2136476,
              18.6298178
            ],
            [
              110.2136442,
              18.6297959
            ],
            [
              110.2136324,
              18.6297741
            ],
            [
              110.2136134,
              18.6297575
            ],
            [
              110.2135895,
              18.629748
            ],
            [
              110.2135636,
              18.6297468
            ]
          ]
        ]
      },
      "properties": {
        "dataNature": "REAL_PUBLIC_GEODATA",
        "sourceName": "OpenStreetMap",
        "sourceType": "way",
        "sourceId": "1196569301",
        "sourceRef": "way/1196569301",
        "retrievedAt": "2026-07-18T16:53:33.292Z",
        "name": null,
        "category": "building_yes",
        "geometryOrigin": "original",
        "osmTags": {
          "building": "yes"
        },
        "verifiedForDemo": false,
        "verificationNote": "已完成查询边界与原始标签自动校验，待底图目视复核"
      }
    },
    {
      "type": "Feature",
      "geometry": {
        "type": "Polygon",
        "coordinates": [
          [
            [
              110.2109526,
              18.6286899
            ],
            [
              110.2110618,
              18.6286803
            ],
            [
              110.2110086,
              18.6281385
            ],
            [
              110.2109191,
              18.6281464
            ],
            [
              110.2109235,
              18.6282115
            ],
            [
              110.2109526,
              18.6286899
            ]
          ]
        ]
      },
      "properties": {
        "dataNature": "REAL_PUBLIC_GEODATA",
        "sourceName": "OpenStreetMap",
        "sourceType": "way",
        "sourceId": "1196891175",
        "sourceRef": "way/1196891175",
        "retrievedAt": "2026-07-18T16:53:33.292Z",
        "name": null,
        "category": "building_yes",
        "geometryOrigin": "original",
        "osmTags": {
          "building": "yes"
        },
        "verifiedForDemo": false,
        "verificationNote": "已完成查询边界与原始标签自动校验，待底图目视复核"
      }
    },
    {
      "type": "Feature",
      "geometry": {
        "type": "Polygon",
        "coordinates": [
          [
            [
              110.2109235,
              18.6282115
            ],
            [
              110.2108271,
              18.6281995
            ],
            [
              110.2108322,
              18.6281601
            ],
            [
              110.2108051,
              18.6281569
            ],
            [
              110.2108113,
              18.6281085
            ],
            [
              110.2107733,
              18.6281041
            ],
            [
              110.2107876,
              18.6279937
            ],
            [
              110.210851,
              18.6280011
            ],
            [
              110.2108488,
              18.6280182
            ],
            [
              110.2109287,
              18.6280275
            ],
            [
              110.2109235,
              18.6282115
            ]
          ]
        ]
      },
      "properties": {
        "dataNature": "REAL_PUBLIC_GEODATA",
        "sourceName": "OpenStreetMap",
        "sourceType": "way",
        "sourceId": "1196891177",
        "sourceRef": "way/1196891177",
        "retrievedAt": "2026-07-18T16:53:33.292Z",
        "name": null,
        "category": "building_yes",
        "geometryOrigin": "original",
        "osmTags": {
          "building": "yes",
          "layer": "-1"
        },
        "verifiedForDemo": false,
        "verificationNote": "已完成查询边界与原始标签自动校验，待底图目视复核"
      }
    },
    {
      "type": "Feature",
      "geometry": {
        "type": "Polygon",
        "coordinates": [
          [
            [
              110.2111392,
              18.6288858
            ],
            [
              110.2113516,
              18.6289692
            ],
            [
              110.2114782,
              18.628898
            ],
            [
              110.2116177,
              18.6289834
            ],
            [
              110.2117099,
              18.6290038
            ],
            [
              110.2118859,
              18.6289346
            ],
            [
              110.2119674,
              18.628898
            ],
            [
              110.2121155,
              18.6289163
            ],
            [
              110.2120811,
              18.6283978
            ],
            [
              110.2111456,
              18.6284222
            ],
            [
              110.2111392,
              18.6288858
            ]
          ]
        ]
      },
      "properties": {
        "dataNature": "REAL_PUBLIC_GEODATA",
        "sourceName": "OpenStreetMap",
        "sourceType": "way",
        "sourceId": "1196891178",
        "sourceRef": "way/1196891178",
        "retrievedAt": "2026-07-18T16:53:33.292Z",
        "name": null,
        "category": "amenity_parking",
        "geometryOrigin": "original",
        "osmTags": {
          "amenity": "parking"
        },
        "verifiedForDemo": false,
        "verificationNote": "已完成查询边界与原始标签自动校验，待底图目视复核"
      }
    },
    {
      "type": "Feature",
      "geometry": {
        "type": "Polygon",
        "coordinates": [
          [
            [
              110.2114467,
              18.6281411
            ],
            [
              110.2115224,
              18.6281394
            ],
            [
              110.2115946,
              18.6281428
            ],
            [
              110.2117426,
              18.6281599
            ],
            [
              110.2118382,
              18.6281805
            ],
            [
              110.2119176,
              18.6282112
            ],
            [
              110.212015,
              18.628266
            ],
            [
              110.2120854,
              18.6282984
            ],
            [
              110.2121594,
              18.6281582
            ],
            [
              110.2120818,
              18.6281138
            ],
            [
              110.2119916,
              18.628071
            ],
            [
              110.2118923,
              18.6280249
            ],
            [
              110.2117895,
              18.6280043
            ],
            [
              110.2116686,
              18.627989
            ],
            [
              110.2115549,
              18.6279855
            ],
            [
              110.2114485,
              18.6279821
            ],
            [
              110.2114467,
              18.6281411
            ]
          ]
        ]
      },
      "properties": {
        "dataNature": "REAL_PUBLIC_GEODATA",
        "sourceName": "OpenStreetMap",
        "sourceType": "way",
        "sourceId": "1196891179",
        "sourceRef": "way/1196891179",
        "retrievedAt": "2026-07-18T16:53:33.292Z",
        "name": null,
        "category": "building_yes",
        "geometryOrigin": "original",
        "osmTags": {
          "building": "yes"
        },
        "verifiedForDemo": false,
        "verificationNote": "已完成查询边界与原始标签自动校验，待底图目视复核"
      }
    },
    {
      "type": "Feature",
      "geometry": {
        "type": "Polygon",
        "coordinates": [
          [
            [
              110.2127728,
              18.6293603
            ],
            [
              110.2130207,
              18.6290377
            ],
            [
              110.2129661,
              18.6290001
            ],
            [
              110.2127181,
              18.6293226
            ],
            [
              110.2127728,
              18.6293603
            ]
          ]
        ]
      },
      "properties": {
        "dataNature": "REAL_PUBLIC_GEODATA",
        "sourceName": "OpenStreetMap",
        "sourceType": "way",
        "sourceId": "1196891180",
        "sourceRef": "way/1196891180",
        "retrievedAt": "2026-07-18T16:53:33.292Z",
        "name": null,
        "category": "building_yes",
        "geometryOrigin": "original",
        "osmTags": {
          "building": "yes"
        },
        "verifiedForDemo": false,
        "verificationNote": "已完成查询边界与原始标签自动校验，待底图目视复核"
      }
    },
    {
      "type": "Feature",
      "geometry": {
        "type": "Polygon",
        "coordinates": [
          [
            [
              110.2124796,
              18.6297598
            ],
            [
              110.2126899,
              18.6294874
            ],
            [
              110.2129474,
              18.629648
            ],
            [
              110.2127929,
              18.6299408
            ],
            [
              110.213119,
              18.6300872
            ],
            [
              110.2132714,
              18.6299042
            ],
            [
              110.2132435,
              18.6298249
            ],
            [
              110.2131534,
              18.6297842
            ],
            [
              110.2131727,
              18.6297476
            ],
            [
              110.2129774,
              18.6296134
            ],
            [
              110.2130268,
              18.6295524
            ],
            [
              110.2128251,
              18.629402
            ],
            [
              110.2126834,
              18.6293125
            ],
            [
              110.212544,
              18.6292901
            ],
            [
              110.2124066,
              18.6293166
            ],
            [
              110.2123423,
              18.6293877
            ],
            [
              110.2123015,
              18.6294874
            ],
            [
              110.2123101,
              18.6295829
            ],
            [
              110.2123573,
              18.6296785
            ],
            [
              110.2124796,
              18.6297598
            ]
          ]
        ]
      },
      "properties": {
        "dataNature": "REAL_PUBLIC_GEODATA",
        "sourceName": "OpenStreetMap",
        "sourceType": "way",
        "sourceId": "1196891181",
        "sourceRef": "way/1196891181",
        "retrievedAt": "2026-07-18T16:53:33.292Z",
        "name": null,
        "category": "amenity_parking",
        "geometryOrigin": "original",
        "osmTags": {
          "amenity": "parking"
        },
        "verifiedForDemo": false,
        "verificationNote": "已完成查询边界与原始标签自动校验，待底图目视复核"
      }
    },
    {
      "type": "Feature",
      "geometry": {
        "type": "Polygon",
        "coordinates": [
          [
            [
              110.2132961,
              18.629245
            ],
            [
              110.2135544,
              18.6294319
            ],
            [
              110.2135653,
              18.629543
            ],
            [
              110.2135815,
              18.6295653
            ],
            [
              110.2133462,
              18.6298571
            ],
            [
              110.213003,
              18.6296086
            ],
            [
              110.2132961,
              18.629245
            ]
          ]
        ]
      },
      "properties": {
        "dataNature": "REAL_PUBLIC_GEODATA",
        "sourceName": "OpenStreetMap",
        "sourceType": "way",
        "sourceId": "1196891182",
        "sourceRef": "way/1196891182",
        "retrievedAt": "2026-07-18T16:53:33.292Z",
        "name": null,
        "category": "building_yes",
        "geometryOrigin": "original",
        "osmTags": {
          "building": "yes"
        },
        "verifiedForDemo": false,
        "verificationNote": "已完成查询边界与原始标签自动校验，待底图目视复核"
      }
    },
    {
      "type": "Feature",
      "geometry": {
        "type": "LineString",
        "coordinates": [
          [
            110.209829,
            18.6304524
          ],
          [
            110.2095598,
            18.630391
          ],
          [
            110.2093306,
            18.6303968
          ],
          [
            110.2091915,
            18.6304239
          ],
          [
            110.2090291,
            18.6304886
          ],
          [
            110.2088568,
            18.6305828
          ],
          [
            110.2086913,
            18.6306587
          ]
        ]
      },
      "properties": {
        "dataNature": "REAL_PUBLIC_GEODATA",
        "sourceName": "OpenStreetMap",
        "sourceType": "way",
        "sourceId": "394469829",
        "sourceRef": "way/394469829",
        "retrievedAt": "2026-07-18T16:53:33.292Z",
        "name": null,
        "category": "highway_motorway_link",
        "geometryOrigin": "original",
        "osmTags": {
          "highway": "motorway_link",
          "oneway": "yes"
        },
        "verifiedForDemo": false,
        "verificationNote": "已完成查询边界与原始标签自动校验，待底图目视复核"
      }
    },
    {
      "type": "Feature",
      "geometry": {
        "type": "LineString",
        "coordinates": [
          [
            110.2043188,
            18.6320228
          ],
          [
            110.204882,
            18.6334359
          ],
          [
            110.2052844,
            18.6338426
          ],
          [
            110.2068883,
            18.635032
          ],
          [
            110.2072906,
            18.6354793
          ],
          [
            110.2081382,
            18.6364401
          ],
          [
            110.2084225,
            18.6368416
          ],
          [
            110.2085566,
            18.6371517
          ],
          [
            110.2085455,
            18.6372368
          ],
          [
            110.2084869,
            18.6376854
          ],
          [
            110.2085996,
            18.6380514
          ],
          [
            110.2087337,
            18.6382801
          ],
          [
            110.2086157,
            18.6386055
          ],
          [
            110.2081972,
            18.6391443
          ],
          [
            110.2084172,
            18.640537
          ],
          [
            110.2086639,
            18.6419145
          ],
          [
            110.208907,
            18.6421468
          ]
        ]
      },
      "properties": {
        "dataNature": "REAL_PUBLIC_GEODATA",
        "sourceName": "OpenStreetMap",
        "sourceType": "way",
        "sourceId": "844022319",
        "sourceRef": "way/844022319",
        "retrievedAt": "2026-07-18T16:53:33.292Z",
        "name": null,
        "category": "highway_unclassified",
        "geometryOrigin": "original",
        "osmTags": {
          "highway": "unclassified",
          "source": "maxar"
        },
        "verifiedForDemo": false,
        "verificationNote": "已完成查询边界与原始标签自动校验，待底图目视复核"
      }
    },
    {
      "type": "Feature",
      "geometry": {
        "type": "LineString",
        "coordinates": [
          [
            110.2128798,
            18.6349345
          ],
          [
            110.2126738,
            18.6348719
          ],
          [
            110.2124861,
            18.6347626
          ],
          [
            110.2123734,
            18.6346381
          ],
          [
            110.2122581,
            18.6344042
          ],
          [
            110.2121884,
            18.6340688
          ],
          [
            110.2121159,
            18.63384
          ],
          [
            110.2119282,
            18.6334156
          ],
          [
            110.2116814,
            18.6331512
          ],
          [
            110.2113783,
            18.6329479
          ],
          [
            110.2110752,
            18.6325565
          ],
          [
            110.2109232,
            18.6321579
          ],
          [
            110.2108687,
            18.6320608
          ],
          [
            110.2107603,
            18.6319586
          ],
          [
            110.2100453,
            18.6315856
          ],
          [
            110.209718,
            18.6314585
          ],
          [
            110.2091628,
            18.6314788
          ],
          [
            110.208798,
            18.6314051
          ],
          [
            110.2084225,
            18.6311205
          ],
          [
            110.2081731,
            18.6309578
          ],
          [
            110.2080551,
            18.6308358
          ],
          [
            110.2080229,
            18.6307087
          ],
          [
            110.2080873,
            18.6304571
          ]
        ]
      },
      "properties": {
        "dataNature": "REAL_PUBLIC_GEODATA",
        "sourceName": "OpenStreetMap",
        "sourceType": "way",
        "sourceId": "844022326",
        "sourceRef": "way/844022326",
        "retrievedAt": "2026-07-18T16:53:33.292Z",
        "name": null,
        "category": "highway_unclassified",
        "geometryOrigin": "original",
        "osmTags": {
          "highway": "unclassified"
        },
        "verifiedForDemo": false,
        "verificationNote": "已完成查询边界与原始标签自动校验，待底图目视复核"
      }
    },
    {
      "type": "Feature",
      "geometry": {
        "type": "LineString",
        "coordinates": [
          [
            110.2093962,
            18.6497726
          ],
          [
            110.2107507,
            18.6508603
          ],
          [
            110.2117109,
            18.6532339
          ],
          [
            110.2116305,
            18.6538083
          ],
          [
            110.2116305,
            18.6539302
          ],
          [
            110.2117109,
            18.6540268
          ],
          [
            110.2118826,
            18.6540573
          ]
        ]
      },
      "properties": {
        "dataNature": "REAL_PUBLIC_GEODATA",
        "sourceName": "OpenStreetMap",
        "sourceType": "way",
        "sourceId": "1036839370",
        "sourceRef": "way/1036839370",
        "retrievedAt": "2026-07-18T16:53:33.292Z",
        "name": null,
        "category": "highway_unclassified",
        "geometryOrigin": "original",
        "osmTags": {
          "highway": "unclassified"
        },
        "verifiedForDemo": false,
        "verificationNote": "已完成查询边界与原始标签自动校验，待底图目视复核"
      }
    },
    {
      "type": "Feature",
      "geometry": {
        "type": "LineString",
        "coordinates": [
          [
            110.2087176,
            18.6506265
          ],
          [
            110.2089536,
            18.6505655
          ],
          [
            110.2090016,
            18.6505612
          ]
        ]
      },
      "properties": {
        "dataNature": "REAL_PUBLIC_GEODATA",
        "sourceName": "OpenStreetMap",
        "sourceType": "way",
        "sourceId": "1036839371",
        "sourceRef": "way/1036839371",
        "retrievedAt": "2026-07-18T16:53:33.292Z",
        "name": null,
        "category": "highway_unclassified",
        "geometryOrigin": "original",
        "osmTags": {
          "highway": "unclassified"
        },
        "verifiedForDemo": false,
        "verificationNote": "已完成查询边界与原始标签自动校验，待底图目视复核"
      }
    },
    {
      "type": "Feature",
      "geometry": {
        "type": "LineString",
        "coordinates": [
          [
            110.2085513,
            18.6506672
          ],
          [
            110.2087176,
            18.6506265
          ]
        ]
      },
      "properties": {
        "dataNature": "REAL_PUBLIC_GEODATA",
        "sourceName": "OpenStreetMap",
        "sourceType": "way",
        "sourceId": "1036839372",
        "sourceRef": "way/1036839372",
        "retrievedAt": "2026-07-18T16:53:33.292Z",
        "name": null,
        "category": "highway_unclassified",
        "geometryOrigin": "original",
        "osmTags": {
          "bridge": "yes",
          "highway": "unclassified",
          "layer": "1"
        },
        "verifiedForDemo": false,
        "verificationNote": "已完成查询边界与原始标签自动校验，待底图目视复核"
      }
    },
    {
      "type": "Feature",
      "geometry": {
        "type": "LineString",
        "coordinates": [
          [
            110.2013308,
            18.6585808
          ],
          [
            110.202122,
            18.6579175
          ],
          [
            110.2024278,
            18.657704
          ],
          [
            110.2025914,
            18.6574321
          ],
          [
            110.2028757,
            18.6570408
          ],
          [
            110.2029964,
            18.656962
          ],
          [
            110.2031332,
            18.6568197
          ],
          [
            110.2032968,
            18.6567968
          ],
          [
            110.2034819,
            18.6567587
          ],
          [
            110.2036965,
            18.6568451
          ],
          [
            110.2038708,
            18.6568883
          ],
          [
            110.2040318,
            18.6569112
          ],
          [
            110.2041551,
            18.6568908
          ],
          [
            110.2042571,
            18.6568527
          ],
          [
            110.2043697,
            18.656812
          ],
          [
            110.2045763,
            18.6568248
          ],
          [
            110.2046782,
            18.656868
          ],
          [
            110.2047801,
            18.6568756
          ],
          [
            110.2048498,
            18.6568095
          ],
          [
            110.2048793,
            18.6567002
          ],
          [
            110.2048632,
            18.6565884
          ],
          [
            110.204764,
            18.6561615
          ],
          [
            110.2046943,
            18.6556278
          ],
          [
            110.2046782,
            18.6554804
          ],
          [
            110.2046138,
            18.6553737
          ],
          [
            110.2040774,
            18.6550077
          ],
          [
            110.2039862,
            18.6549874
          ],
          [
            110.2037126,
            18.6550332
          ],
          [
            110.2034712,
            18.6549976
          ],
          [
            110.2033585,
            18.654901
          ],
          [
            110.2033371,
            18.6545554
          ],
          [
            110.2033693,
            18.6544995
          ],
          [
            110.2035463,
            18.6544182
          ],
          [
            110.2038145,
            18.6543623
          ],
          [
            110.2042276,
            18.6542047
          ],
          [
            110.2044797,
            18.6539912
          ],
          [
            110.204587,
            18.6537625
          ],
          [
            110.2045655,
            18.6535592
          ],
          [
            110.2044475,
            18.6530255
          ],
          [
            110.2044314,
            18.6528324
          ],
          [
            110.204426,
            18.6525122
          ],
          [
            110.204367,
            18.6522631
          ],
          [
            110.2043992,
            18.652009
          ],
          [
            110.20419,
            18.6515058
          ],
          [
            110.2040988,
            18.6514347
          ],
          [
            110.2040076,
            18.6513228
          ],
          [
            110.2040398,
            18.6512212
          ],
          [
            110.2041203,
            18.6511551
          ],
          [
            110.2043348,
            18.6511907
          ],
          [
            110.2045011,
            18.6511856
          ],
          [
            110.204705,
            18.6511043
          ],
          [
            110.2048606,
            18.6511195
          ],
          [
            110.2049625,
            18.6512059
          ],
          [
            110.2050376,
            18.6513838
          ],
          [
            110.2051234,
            18.6515363
          ],
          [
            110.2054453,
            18.6518311
          ],
          [
            110.2055955,
            18.6518718
          ],
          [
            110.2058208,
            18.6518819
          ],
          [
            110.2059174,
            18.6519277
          ],
          [
            110.2062178,
            18.6521462
          ],
          [
            110.2063572,
            18.6521615
          ],
          [
            110.2064967,
            18.6521361
          ],
          [
            110.2070653,
            18.6517803
          ],
          [
            110.2075857,
            18.6514499
          ],
          [
            110.2077788,
            18.6512974
          ],
          [
            110.2079397,
            18.6511043
          ],
          [
            110.2082026,
            18.6509569
          ],
          [
            110.208385,
            18.6508196
          ],
          [
            110.2085513,
            18.6506672
          ]
        ]
      },
      "properties": {
        "dataNature": "REAL_PUBLIC_GEODATA",
        "sourceName": "OpenStreetMap",
        "sourceType": "way",
        "sourceId": "1036839373",
        "sourceRef": "way/1036839373",
        "retrievedAt": "2026-07-18T16:53:33.292Z",
        "name": null,
        "category": "highway_unclassified",
        "geometryOrigin": "original",
        "osmTags": {
          "highway": "unclassified"
        },
        "verifiedForDemo": false,
        "verificationNote": "已完成查询边界与原始标签自动校验，待底图目视复核"
      }
    },
    {
      "type": "Feature",
      "geometry": {
        "type": "LineString",
        "coordinates": [
          [
            110.2046943,
            18.6455895
          ],
          [
            110.2045146,
            18.6453226
          ],
          [
            110.2044743,
            18.645226
          ],
          [
            110.2044797,
            18.6451625
          ],
          [
            110.2046594,
            18.6448524
          ],
          [
            110.2046674,
            18.6447711
          ],
          [
            110.2046299,
            18.6445297
          ],
          [
            110.2045628,
            18.6444382
          ],
          [
            110.2043831,
            18.6443772
          ],
          [
            110.2042812,
            18.6443009
          ],
          [
            110.204131,
            18.644184
          ],
          [
            110.2039888,
            18.6441866
          ],
          [
            110.2037877,
            18.6442196
          ],
          [
            110.2036267,
            18.6442222
          ],
          [
            110.2035087,
            18.6442501
          ],
          [
            110.2034363,
            18.6442984
          ],
          [
            110.2033317,
            18.6443187
          ],
          [
            110.2032325,
            18.6443238
          ],
          [
            110.2030903,
            18.6444026
          ],
          [
            110.2030367,
            18.6444636
          ],
          [
            110.2029267,
            18.6446034
          ],
          [
            110.2028462,
            18.6446695
          ],
          [
            110.2027416,
            18.6447127
          ],
          [
            110.2026585,
            18.644705
          ]
        ]
      },
      "properties": {
        "dataNature": "REAL_PUBLIC_GEODATA",
        "sourceName": "OpenStreetMap",
        "sourceType": "way",
        "sourceId": "1036839374",
        "sourceRef": "way/1036839374",
        "retrievedAt": "2026-07-18T16:53:33.292Z",
        "name": null,
        "category": "highway_unclassified",
        "geometryOrigin": "original",
        "osmTags": {
          "highway": "unclassified"
        },
        "verifiedForDemo": false,
        "verificationNote": "已完成查询边界与原始标签自动校验，待底图目视复核"
      }
    },
    {
      "type": "Feature",
      "geometry": {
        "type": "LineString",
        "coordinates": [
          [
            110.2059495,
            18.6449185
          ],
          [
            110.2057886,
            18.6450761
          ],
          [
            110.2056491,
            18.6452896
          ]
        ]
      },
      "properties": {
        "dataNature": "REAL_PUBLIC_GEODATA",
        "sourceName": "OpenStreetMap",
        "sourceType": "way",
        "sourceId": "1036839375",
        "sourceRef": "way/1036839375",
        "retrievedAt": "2026-07-18T16:53:33.292Z",
        "name": null,
        "category": "highway_unclassified",
        "geometryOrigin": "original",
        "osmTags": {
          "highway": "unclassified"
        },
        "verifiedForDemo": false,
        "verificationNote": "已完成查询边界与原始标签自动校验，待底图目视复核"
      }
    },
    {
      "type": "Feature",
      "geometry": {
        "type": "Polygon",
        "coordinates": [
          [
            [
              110.2056491,
              18.6452896
            ],
            [
              110.2057671,
              18.6454573
            ],
            [
              110.2058047,
              18.6456098
            ],
            [
              110.2057725,
              18.645747
            ],
            [
              110.205676,
              18.6458589
            ],
            [
              110.2055848,
              18.646296
            ],
            [
              110.2055311,
              18.6464129
            ],
            [
              110.2054453,
              18.6464739
            ],
            [
              110.2052414,
              18.64654
            ],
            [
              110.204882,
              18.6466111
            ],
            [
              110.2047613,
              18.6466975
            ],
            [
              110.2046835,
              18.6467204
            ],
            [
              110.2046379,
              18.646695
            ],
            [
              110.204528,
              18.6465679
            ],
            [
              110.2044287,
              18.6465323
            ],
            [
              110.2041256,
              18.6464662
            ],
            [
              110.2040371,
              18.6464103
            ],
            [
              110.2039942,
              18.646357
            ],
            [
              110.204021,
              18.6462401
            ],
            [
              110.2041015,
              18.6461638
            ],
            [
              110.2042142,
              18.6460418
            ],
            [
              110.2043027,
              18.6460063
            ],
            [
              110.2044126,
              18.646052
            ],
            [
              110.2044824,
              18.6460113
            ],
            [
              110.2045602,
              18.6459173
            ],
            [
              110.204595,
              18.6458131
            ],
            [
              110.2046138,
              18.6457216
            ],
            [
              110.204654,
              18.6456327
            ],
            [
              110.2046943,
              18.6455895
            ],
            [
              110.2050215,
              18.6455183
            ],
            [
              110.2054399,
              18.6455005
            ],
            [
              110.2054989,
              18.6454954
            ],
            [
              110.2055553,
              18.6454471
            ],
            [
              110.2056491,
              18.6452896
            ]
          ]
        ]
      },
      "properties": {
        "dataNature": "REAL_PUBLIC_GEODATA",
        "sourceName": "OpenStreetMap",
        "sourceType": "way",
        "sourceId": "1036839376",
        "sourceRef": "way/1036839376",
        "retrievedAt": "2026-07-18T16:53:33.292Z",
        "name": null,
        "category": "highway_unclassified",
        "geometryOrigin": "original",
        "osmTags": {
          "highway": "unclassified"
        },
        "verifiedForDemo": false,
        "verificationNote": "已完成查询边界与原始标签自动校验，待底图目视复核"
      }
    },
    {
      "type": "Feature",
      "geometry": {
        "type": "LineString",
        "coordinates": [
          [
            110.2059603,
            18.6427684
          ],
          [
            110.2062392,
            18.6431395
          ]
        ]
      },
      "properties": {
        "dataNature": "REAL_PUBLIC_GEODATA",
        "sourceName": "OpenStreetMap",
        "sourceType": "way",
        "sourceId": "1036839377",
        "sourceRef": "way/1036839377",
        "retrievedAt": "2026-07-18T16:53:33.292Z",
        "name": null,
        "category": "highway_unclassified",
        "geometryOrigin": "original",
        "osmTags": {
          "highway": "unclassified"
        },
        "verifiedForDemo": false,
        "verificationNote": "已完成查询边界与原始标签自动校验，待底图目视复核"
      }
    },
    {
      "type": "Feature",
      "geometry": {
        "type": "LineString",
        "coordinates": [
          [
            110.2072638,
            18.6445881
          ],
          [
            110.2086532,
            18.6443543
          ]
        ]
      },
      "properties": {
        "dataNature": "REAL_PUBLIC_GEODATA",
        "sourceName": "OpenStreetMap",
        "sourceType": "way",
        "sourceId": "1036839378",
        "sourceRef": "way/1036839378",
        "retrievedAt": "2026-07-18T16:53:33.292Z",
        "name": null,
        "category": "highway_unclassified",
        "geometryOrigin": "original",
        "osmTags": {
          "highway": "unclassified"
        },
        "verifiedForDemo": false,
        "verificationNote": "已完成查询边界与原始标签自动校验，待底图目视复核"
      }
    },
    {
      "type": "Feature",
      "geometry": {
        "type": "LineString",
        "coordinates": [
          [
            110.20684,
            18.6446644
          ],
          [
            110.2072638,
            18.6445881
          ]
        ]
      },
      "properties": {
        "dataNature": "REAL_PUBLIC_GEODATA",
        "sourceName": "OpenStreetMap",
        "sourceType": "way",
        "sourceId": "1036839379",
        "sourceRef": "way/1036839379",
        "retrievedAt": "2026-07-18T16:53:33.292Z",
        "name": null,
        "category": "highway_unclassified",
        "geometryOrigin": "original",
        "osmTags": {
          "bridge": "yes",
          "highway": "unclassified",
          "layer": "1"
        },
        "verifiedForDemo": false,
        "verificationNote": "已完成查询边界与原始标签自动校验，待底图目视复核"
      }
    },
    {
      "type": "Feature",
      "geometry": {
        "type": "LineString",
        "coordinates": [
          [
            110.2091874,
            18.6424148
          ],
          [
            110.2092969,
            18.6425194
          ],
          [
            110.2096403,
            18.6426363
          ],
          [
            110.2097905,
            18.6426261
          ]
        ]
      },
      "properties": {
        "dataNature": "REAL_PUBLIC_GEODATA",
        "sourceName": "OpenStreetMap",
        "sourceType": "way",
        "sourceId": "1036839380",
        "sourceRef": "way/1036839380",
        "retrievedAt": "2026-07-18T16:53:33.292Z",
        "name": null,
        "category": "highway_unclassified",
        "geometryOrigin": "original",
        "osmTags": {
          "highway": "unclassified",
          "source": "maxar"
        },
        "verifiedForDemo": false,
        "verificationNote": "已完成查询边界与原始标签自动校验，待底图目视复核"
      }
    },
    {
      "type": "Feature",
      "geometry": {
        "type": "LineString",
        "coordinates": [
          [
            110.208907,
            18.6421468
          ],
          [
            110.2091874,
            18.6424148
          ]
        ]
      },
      "properties": {
        "dataNature": "REAL_PUBLIC_GEODATA",
        "sourceName": "OpenStreetMap",
        "sourceType": "way",
        "sourceId": "1036839381",
        "sourceRef": "way/1036839381",
        "retrievedAt": "2026-07-18T16:53:33.292Z",
        "name": null,
        "category": "highway_unclassified",
        "geometryOrigin": "original",
        "osmTags": {
          "bridge": "yes",
          "highway": "unclassified",
          "layer": "1"
        },
        "verifiedForDemo": false,
        "verificationNote": "已完成查询边界与原始标签自动校验，待底图目视复核"
      }
    },
    {
      "type": "Feature",
      "geometry": {
        "type": "LineString",
        "coordinates": [
          [
            110.2086639,
            18.6419145
          ],
          [
            110.208562,
            18.6420111
          ],
          [
            110.2084869,
            18.6421585
          ],
          [
            110.2084333,
            18.6423364
          ],
          [
            110.2083099,
            18.642433
          ],
          [
            110.2080417,
            18.6424431
          ],
          [
            110.2078056,
            18.6424126
          ],
          [
            110.207575,
            18.642311
          ],
          [
            110.2072692,
            18.642311
          ],
          [
            110.206899,
            18.6424838
          ],
          [
            110.2068078,
            18.6426668
          ],
          [
            110.2065182,
            18.6429464
          ],
          [
            110.2062392,
            18.6431395
          ],
          [
            110.2061158,
            18.6432564
          ],
          [
            110.2060193,
            18.6433784
          ],
          [
            110.2059817,
            18.6435106
          ],
          [
            110.2059978,
            18.6436935
          ],
          [
            110.2060676,
            18.6438206
          ],
          [
            110.2060461,
            18.6440138
          ],
          [
            110.2059871,
            18.6441866
          ],
          [
            110.2059388,
            18.6445576
          ],
          [
            110.2059495,
            18.6449185
          ],
          [
            110.20684,
            18.6446644
          ]
        ]
      },
      "properties": {
        "dataNature": "REAL_PUBLIC_GEODATA",
        "sourceName": "OpenStreetMap",
        "sourceType": "way",
        "sourceId": "1036839382",
        "sourceRef": "way/1036839382",
        "retrievedAt": "2026-07-18T16:53:33.292Z",
        "name": null,
        "category": "highway_unclassified",
        "geometryOrigin": "original",
        "osmTags": {
          "highway": "unclassified"
        },
        "verifiedForDemo": false,
        "verificationNote": "已完成查询边界与原始标签自动校验，待底图目视复核"
      }
    },
    {
      "type": "Feature",
      "geometry": {
        "type": "LineString",
        "coordinates": [
          [
            110.1994452,
            18.6414647
          ],
          [
            110.1993862,
            18.6411292
          ],
          [
            110.1993889,
            18.6410301
          ],
          [
            110.1994237,
            18.6409589
          ],
          [
            110.1995015,
            18.6408522
          ],
          [
            110.1995605,
            18.640692
          ],
          [
            110.1996195,
            18.6403388
          ],
          [
            110.1996946,
            18.6401761
          ],
          [
            110.1997966,
            18.6400236
          ],
          [
            110.1999199,
            18.6397491
          ],
          [
            110.1999682,
            18.639528
          ],
          [
            110.2000299,
            18.6394874
          ],
          [
            110.2002042,
            18.6394747
          ],
          [
            110.2062108,
            18.6399696
          ],
          [
            110.2063304,
            18.6399982
          ]
        ]
      },
      "properties": {
        "dataNature": "REAL_PUBLIC_GEODATA",
        "sourceName": "OpenStreetMap",
        "sourceType": "way",
        "sourceId": "1036839383",
        "sourceRef": "way/1036839383",
        "retrievedAt": "2026-07-18T16:53:33.292Z",
        "name": null,
        "category": "highway_unclassified",
        "geometryOrigin": "original",
        "osmTags": {
          "highway": "unclassified"
        },
        "verifiedForDemo": false,
        "verificationNote": "已完成查询边界与原始标签自动校验，待底图目视复核"
      }
    },
    {
      "type": "Feature",
      "geometry": {
        "type": "LineString",
        "coordinates": [
          [
            110.2071083,
            18.6389206
          ],
          [
            110.2070171,
            18.6391087
          ],
          [
            110.206899,
            18.6392256
          ],
          [
            110.2066201,
            18.6397491
          ],
          [
            110.2064753,
            18.6399016
          ],
          [
            110.2063304,
            18.6399982
          ],
          [
            110.2058315,
            18.640415
          ],
          [
            110.2056974,
            18.6404964
          ],
          [
            110.2055687,
            18.6405421
          ],
          [
            110.2054292,
            18.6405675
          ],
          [
            110.2052146,
            18.6405523
          ],
          [
            110.2049947,
            18.6405269
          ],
          [
            110.2048498,
            18.6405624
          ],
          [
            110.2047104,
            18.640659
          ],
          [
            110.204013,
            18.6412842
          ],
          [
            110.2039728,
            18.6413833
          ],
          [
            110.203667,
            18.6415943
          ],
          [
            110.2035141,
            18.6418052
          ]
        ]
      },
      "properties": {
        "dataNature": "REAL_PUBLIC_GEODATA",
        "sourceName": "OpenStreetMap",
        "sourceType": "way",
        "sourceId": "1036839384",
        "sourceRef": "way/1036839384",
        "retrievedAt": "2026-07-18T16:53:33.292Z",
        "name": null,
        "category": "highway_unclassified",
        "geometryOrigin": "original",
        "osmTags": {
          "highway": "unclassified"
        },
        "verifiedForDemo": false,
        "verificationNote": "已完成查询边界与原始标签自动校验，待底图目视复核"
      }
    },
    {
      "type": "Feature",
      "geometry": {
        "type": "LineString",
        "coordinates": [
          [
            110.2028221,
            18.6310722
          ],
          [
            110.2026397,
            18.6314992
          ],
          [
            110.2025485,
            18.6316568
          ],
          [
            110.2023822,
            18.6318194
          ],
          [
            110.2022535,
            18.6320482
          ],
          [
            110.2021784,
            18.6321651
          ],
          [
            110.2021354,
            18.6322922
          ],
          [
            110.2021354,
            18.6324142
          ],
          [
            110.2021891,
            18.6326124
          ],
          [
            110.2022481,
            18.6329682
          ],
          [
            110.2022266,
            18.6330953
          ],
          [
            110.2022374,
            18.6334054
          ],
          [
            110.2022695,
            18.6335579
          ],
          [
            110.2023178,
            18.6336646
          ],
          [
            110.2028006,
            18.6341831
          ],
          [
            110.2028757,
            18.6342848
          ],
          [
            110.2029026,
            18.634422
          ],
          [
            110.2028999,
            18.6352531
          ],
          [
            110.2030152,
            18.635853
          ],
          [
            110.2030367,
            18.6359724
          ],
          [
            110.2032351,
            18.6366612
          ],
          [
            110.2032217,
            18.6370297
          ],
          [
            110.2032968,
            18.6373296
          ],
          [
            110.2032995,
            18.6377235
          ],
          [
            110.2033183,
            18.6378277
          ],
          [
            110.2034041,
            18.6379879
          ],
          [
            110.2034685,
            18.6380387
          ],
          [
            110.2036214,
            18.6381073
          ],
          [
            110.203962,
            18.6381861
          ],
          [
            110.2040011,
            18.6382039
          ],
          [
            110.2040344,
            18.6382191
          ],
          [
            110.2040988,
            18.6382624
          ],
          [
            110.2042034,
            18.6384174
          ],
          [
            110.2042517,
            18.6384657
          ],
          [
            110.2043241,
            18.6384987
          ],
          [
            110.2047908,
            18.638575
          ],
          [
            110.2048713,
            18.6386055
          ],
          [
            110.2049893,
            18.6386741
          ],
          [
            110.2057511,
            18.6389359
          ],
          [
            110.2060729,
            18.6389918
          ],
          [
            110.2063841,
            18.6389867
          ],
          [
            110.2071083,
            18.6389206
          ],
          [
            110.2074033,
            18.6389206
          ],
          [
            110.2076608,
            18.6389867
          ],
          [
            110.2079719,
            18.6390934
          ],
          [
            110.2081972,
            18.6391443
          ]
        ]
      },
      "properties": {
        "dataNature": "REAL_PUBLIC_GEODATA",
        "sourceName": "OpenStreetMap",
        "sourceType": "way",
        "sourceId": "1036839385",
        "sourceRef": "way/1036839385",
        "retrievedAt": "2026-07-18T16:53:33.292Z",
        "name": null,
        "category": "highway_unclassified",
        "geometryOrigin": "original",
        "osmTags": {
          "highway": "unclassified"
        },
        "verifiedForDemo": false,
        "verificationNote": "已完成查询边界与原始标签自动校验，待底图目视复核"
      }
    },
    {
      "type": "Feature",
      "geometry": {
        "type": "Polygon",
        "coordinates": [
          [
            [
              110.2031704,
              18.6380691
            ],
            [
              110.2038285,
              18.6381871
            ],
            [
              110.203729,
              18.6386856
            ],
            [
              110.2030709,
              18.6385677
            ],
            [
              110.2031704,
              18.6380691
            ]
          ]
        ]
      },
      "properties": {
        "dataNature": "REAL_PUBLIC_GEODATA",
        "sourceName": "OpenStreetMap",
        "sourceType": "way",
        "sourceId": "1036839386",
        "sourceRef": "way/1036839386",
        "retrievedAt": "2026-07-18T16:53:33.292Z",
        "name": "田新小学",
        "category": "amenity_school",
        "geometryOrigin": "original",
        "osmTags": {
          "amenity": "school",
          "name": "田新小学"
        },
        "verifiedForDemo": false,
        "verificationNote": "已完成查询边界与原始标签自动校验，待底图目视复核"
      }
    },
    {
      "type": "Feature",
      "geometry": {
        "type": "LineString",
        "coordinates": [
          [
            110.2118638,
            18.6355276
          ],
          [
            110.2118129,
            18.6358479
          ],
          [
            110.2117807,
            18.6360766
          ],
          [
            110.2117512,
            18.6361808
          ],
          [
            110.211668,
            18.6364299
          ],
          [
            110.2116305,
            18.6364756
          ],
          [
            110.2111155,
            18.6367298
          ],
          [
            110.2096832,
            18.6373957
          ],
          [
            110.2085455,
            18.6372368
          ]
        ]
      },
      "properties": {
        "dataNature": "REAL_PUBLIC_GEODATA",
        "sourceName": "OpenStreetMap",
        "sourceType": "way",
        "sourceId": "1036839389",
        "sourceRef": "way/1036839389",
        "retrievedAt": "2026-07-18T16:53:33.292Z",
        "name": null,
        "category": "highway_track",
        "geometryOrigin": "original",
        "osmTags": {
          "highway": "track"
        },
        "verifiedForDemo": false,
        "verificationNote": "已完成查询边界与原始标签自动校验，待底图目视复核"
      }
    },
    {
      "type": "Feature",
      "geometry": {
        "type": "LineString",
        "coordinates": [
          [
            110.2081382,
            18.6364401
          ],
          [
            110.2089804,
            18.6357996
          ],
          [
            110.2092433,
            18.6356827
          ],
          [
            110.2094686,
            18.6356471
          ],
          [
            110.2101552,
            18.635276
          ],
          [
            110.2110136,
            18.634722
          ],
          [
            110.2118772,
            18.6339646
          ],
          [
            110.2121159,
            18.63384
          ]
        ]
      },
      "properties": {
        "dataNature": "REAL_PUBLIC_GEODATA",
        "sourceName": "OpenStreetMap",
        "sourceType": "way",
        "sourceId": "1036839401",
        "sourceRef": "way/1036839401",
        "retrievedAt": "2026-07-18T16:53:33.292Z",
        "name": null,
        "category": "highway_unclassified",
        "geometryOrigin": "original",
        "osmTags": {
          "highway": "unclassified"
        },
        "verifiedForDemo": false,
        "verificationNote": "已完成查询边界与原始标签自动校验，待底图目视复核"
      }
    },
    {
      "type": "Feature",
      "geometry": {
        "type": "LineString",
        "coordinates": [
          [
            110.2060515,
            18.630635
          ],
          [
            110.2062392,
            18.6303351
          ],
          [
            110.2066523,
            18.6301979
          ],
          [
            110.2069661,
            18.6301979
          ],
          [
            110.207752,
            18.6303148
          ],
          [
            110.2080631,
            18.6303326
          ]
        ]
      },
      "properties": {
        "dataNature": "REAL_PUBLIC_GEODATA",
        "sourceName": "OpenStreetMap",
        "sourceType": "way",
        "sourceId": "1036839407",
        "sourceRef": "way/1036839407",
        "retrievedAt": "2026-07-18T16:53:33.292Z",
        "name": null,
        "category": "highway_unclassified",
        "geometryOrigin": "original",
        "osmTags": {
          "highway": "unclassified"
        },
        "verifiedForDemo": false,
        "verificationNote": "已完成查询边界与原始标签自动校验，待底图目视复核"
      }
    },
    {
      "type": "Feature",
      "geometry": {
        "type": "LineString",
        "coordinates": [
          [
            110.207752,
            18.6303148
          ],
          [
            110.2080229,
            18.6307087
          ]
        ]
      },
      "properties": {
        "dataNature": "REAL_PUBLIC_GEODATA",
        "sourceName": "OpenStreetMap",
        "sourceType": "way",
        "sourceId": "1036839408",
        "sourceRef": "way/1036839408",
        "retrievedAt": "2026-07-18T16:53:33.292Z",
        "name": null,
        "category": "highway_unclassified",
        "geometryOrigin": "original",
        "osmTags": {
          "highway": "unclassified"
        },
        "verifiedForDemo": false,
        "verificationNote": "已完成查询边界与原始标签自动校验，待底图目视复核"
      }
    },
    {
      "type": "Feature",
      "geometry": {
        "type": "LineString",
        "coordinates": [
          [
            110.205853,
            18.6309705
          ],
          [
            110.2055955,
            18.6313619
          ],
          [
            110.2051234,
            18.6317279
          ],
          [
            110.2043188,
            18.6320228
          ]
        ]
      },
      "properties": {
        "dataNature": "REAL_PUBLIC_GEODATA",
        "sourceName": "OpenStreetMap",
        "sourceType": "way",
        "sourceId": "1036839409",
        "sourceRef": "way/1036839409",
        "retrievedAt": "2026-07-18T16:53:33.292Z",
        "name": null,
        "category": "highway_unclassified",
        "geometryOrigin": "original",
        "osmTags": {
          "highway": "unclassified"
        },
        "verifiedForDemo": false,
        "verificationNote": "已完成查询边界与原始标签自动校验，待底图目视复核"
      }
    },
    {
      "type": "Feature",
      "geometry": {
        "type": "LineString",
        "coordinates": [
          [
            110.2060515,
            18.630635
          ],
          [
            110.205853,
            18.6309705
          ]
        ]
      },
      "properties": {
        "dataNature": "REAL_PUBLIC_GEODATA",
        "sourceName": "OpenStreetMap",
        "sourceType": "way",
        "sourceId": "1036839410",
        "sourceRef": "way/1036839410",
        "retrievedAt": "2026-07-18T16:53:33.292Z",
        "name": null,
        "category": "highway_unclassified",
        "geometryOrigin": "original",
        "osmTags": {
          "bridge": "yes",
          "highway": "unclassified",
          "layer": "1"
        },
        "verifiedForDemo": false,
        "verificationNote": "已完成查询边界与原始标签自动校验，待底图目视复核"
      }
    },
    {
      "type": "Feature",
      "geometry": {
        "type": "Polygon",
        "coordinates": [
          [
            [
              110.2100203,
              18.631499
            ],
            [
              110.2109225,
              18.6319675
            ],
            [
              110.2110488,
              18.6319573
            ],
            [
              110.2109983,
              18.6318171
            ],
            [
              110.2113627,
              18.631523
            ],
            [
              110.2115107,
              18.6315093
            ],
            [
              110.2116081,
              18.6314614
            ],
            [
              110.2116767,
              18.6313657
            ],
            [
              110.2116947,
              18.6313281
            ],
            [
              110.2119798,
              18.6315025
            ],
            [
              110.2119446,
              18.6316179
            ],
            [
              110.2120047,
              18.6316382
            ],
            [
              110.2120526,
              18.6317842
            ],
            [
              110.2120343,
              18.6318762
            ],
            [
              110.2121132,
              18.6319165
            ],
            [
              110.2120343,
              18.632342
            ],
            [
              110.2118341,
              18.6328251
            ],
            [
              110.2117552,
              18.6329689
            ],
            [
              110.2114821,
              18.6328079
            ],
            [
              110.2112575,
              18.6326411
            ],
            [
              110.2111968,
              18.6325836
            ],
            [
              110.2111883,
              18.6326141
            ],
            [
              110.2112496,
              18.6327013
            ],
            [
              110.2114084,
              18.6329113
            ],
            [
              110.2115311,
              18.6329831
            ],
            [
              110.2117224,
              18.6331268
            ],
            [
              110.2118198,
              18.6332362
            ],
            [
              110.212028,
              18.6334341
            ],
            [
              110.2120966,
              18.6335675
            ],
            [
              110.2122265,
              18.6340018
            ],
            [
              110.2123528,
              18.63393
            ],
            [
              110.2124647,
              18.6337898
            ],
            [
              110.2126126,
              18.6335435
            ],
            [
              110.2128219,
              18.6333931
            ],
            [
              110.2129627,
              18.6332426
            ],
            [
              110.2132261,
              18.6328186
            ],
            [
              110.2134896,
              18.6324732
            ],
            [
              110.2137241,
              18.6322475
            ],
            [
              110.2139226,
              18.6322202
            ],
            [
              110.2139334,
              18.6321757
            ],
            [
              110.2097237,
              18.6304745
            ],
            [
              110.2094791,
              18.6304541
            ],
            [
              110.2093032,
              18.6304623
            ],
            [
              110.2091143,
              18.6305233
            ],
            [
              110.2089641,
              18.6306127
            ],
            [
              110.2087968,
              18.6306859
            ],
            [
              110.2086723,
              18.630751
            ],
            [
              110.2084749,
              18.6307835
            ],
            [
              110.208226,
              18.6307185
            ],
            [
              110.2081015,
              18.6305639
            ],
            [
              110.2080801,
              18.6306493
            ],
            [
              110.2081273,
              18.6307957
            ],
            [
              110.2083032,
              18.6309909
            ],
            [
              110.2084191,
              18.6310153
            ],
            [
              110.2085307,
              18.6311414
            ],
            [
              110.2087066,
              18.6312512
            ],
            [
              110.2088525,
              18.6313163
            ],
            [
              110.2089641,
              18.6313651
            ],
            [
              110.2090113,
              18.6314017
            ],
            [
              110.2091615,
              18.6314301
            ],
            [
              110.2093504,
              18.6314098
            ],
            [
              110.2095607,
              18.6313813
            ],
            [
              110.2096851,
              18.6313691
            ],
            [
              110.2100203,
              18.631499
            ]
          ]
        ]
      },
      "properties": {
        "dataNature": "REAL_PUBLIC_GEODATA",
        "sourceName": "OpenStreetMap",
        "sourceType": "way",
        "sourceId": "1196894727",
        "sourceRef": "way/1196894727",
        "retrievedAt": "2026-07-18T16:53:33.292Z",
        "name": null,
        "category": "natural_wood",
        "geometryOrigin": "original",
        "osmTags": {
          "natural": "wood"
        },
        "verifiedForDemo": false,
        "verificationNote": "已完成查询边界与原始标签自动校验，待底图目视复核"
      }
    },
    {
      "type": "Feature",
      "geometry": {
        "type": "Polygon",
        "coordinates": [
          [
            [
              110.2095846,
              18.630968
            ],
            [
              110.2100671,
              18.6311636
            ],
            [
              110.2101794,
              18.6309306
            ],
            [
              110.2097181,
              18.630738
            ],
            [
              110.2095846,
              18.630968
            ]
          ]
        ]
      },
      "properties": {
        "dataNature": "REAL_PUBLIC_GEODATA",
        "sourceName": "OpenStreetMap",
        "sourceType": "way",
        "sourceId": "1196894732",
        "sourceRef": "way/1196894732",
        "retrievedAt": "2026-07-18T16:53:33.292Z",
        "name": null,
        "category": "building_yes",
        "geometryOrigin": "original",
        "osmTags": {
          "building": "yes"
        },
        "verifiedForDemo": false,
        "verificationNote": "已完成查询边界与原始标签自动校验，待底图目视复核"
      }
    },
    {
      "type": "Feature",
      "geometry": {
        "type": "LineString",
        "coordinates": [
          [
            110.2471372,
            18.6552842
          ],
          [
            110.2455633,
            18.6548467
          ],
          [
            110.2453845,
            18.6547633
          ],
          [
            110.2452593,
            18.6546112
          ],
          [
            110.245158,
            18.654334
          ],
          [
            110.24469,
            18.6528227
          ],
          [
            110.2444127,
            18.6520775
          ],
          [
            110.2441564,
            18.6515886
          ],
          [
            110.2436884,
            18.6507093
          ],
          [
            110.2432234,
            18.6500297
          ],
          [
            110.2427584,
            18.6494096
          ],
          [
            110.2422218,
            18.6487837
          ],
          [
            110.2413216,
            18.6479878
          ],
          [
            110.240682,
            18.6473883
          ],
          [
            110.239062,
            18.6466259
          ],
          [
            110.2388325,
            18.6465515
          ]
        ]
      },
      "properties": {
        "dataNature": "REAL_PUBLIC_GEODATA",
        "sourceName": "OpenStreetMap",
        "sourceType": "way",
        "sourceId": "131681601",
        "sourceRef": "way/131681601",
        "retrievedAt": "2026-07-18T16:53:33.292Z",
        "name": null,
        "category": "highway_unclassified",
        "geometryOrigin": "original",
        "osmTags": {
          "highway": "unclassified"
        },
        "verifiedForDemo": false,
        "verificationNote": "已完成查询边界与原始标签自动校验，待底图目视复核"
      }
    },
    {
      "type": "Feature",
      "geometry": {
        "type": "LineString",
        "coordinates": [
          [
            110.2385236,
            18.6468516
          ],
          [
            110.2381692,
            18.6472287
          ],
          [
            110.2378277,
            18.6474983
          ],
          [
            110.2372504,
            18.6473211
          ],
          [
            110.2369414,
            18.6471439
          ],
          [
            110.2361745,
            18.6467983
          ],
          [
            110.2356716,
            18.6464528
          ],
          [
            110.2352943,
            18.6459285
          ],
          [
            110.2350932,
            18.645452
          ],
          [
            110.2348417,
            18.6452018
          ],
          [
            110.2323771,
            18.6437959
          ],
          [
            110.230403,
            18.6422947
          ],
          [
            110.2297617,
            18.6420444
          ],
          [
            110.2293467,
            18.6418181
          ],
          [
            110.2287934,
            18.640996
          ],
          [
            110.2285545,
            18.6406743
          ],
          [
            110.228039,
            18.6404479
          ],
          [
            110.2270582,
            18.6393041
          ],
          [
            110.2264421,
            18.6387679
          ],
          [
            110.2259276,
            18.6385643
          ],
          [
            110.2249091,
            18.6381414
          ],
          [
            110.2244564,
            18.637915
          ],
          [
            110.2243495,
            18.6377303
          ],
          [
            110.2242238,
            18.6373967
          ],
          [
            110.2237648,
            18.6370869
          ],
          [
            110.223243,
            18.6370095
          ],
          [
            110.2226457,
            18.6368426
          ],
          [
            110.2221427,
            18.6369677
          ],
          [
            110.2217152,
            18.6371226
          ],
          [
            110.2214763,
            18.6371405
          ],
          [
            110.2210676,
            18.6371346
          ],
          [
            110.2207658,
            18.6372537
          ],
          [
            110.2204892,
            18.6373371
          ],
          [
            110.2200743,
            18.6371882
          ],
          [
            110.2192947,
            18.6368843
          ],
          [
            110.2188546,
            18.6366699
          ],
          [
            110.2185958,
            18.6363404
          ]
        ]
      },
      "properties": {
        "dataNature": "REAL_PUBLIC_GEODATA",
        "sourceName": "OpenStreetMap",
        "sourceType": "way",
        "sourceId": "274214502",
        "sourceRef": "way/274214502",
        "retrievedAt": "2026-07-18T16:53:33.292Z",
        "name": null,
        "category": "highway_unclassified",
        "geometryOrigin": "original",
        "osmTags": {
          "highway": "unclassified"
        },
        "verifiedForDemo": false,
        "verificationNote": "已完成查询边界与原始标签自动校验，待底图目视复核"
      }
    },
    {
      "type": "Feature",
      "geometry": {
        "type": "LineString",
        "coordinates": [
          [
            110.2388325,
            18.6465515
          ],
          [
            110.2385236,
            18.6468516
          ]
        ]
      },
      "properties": {
        "dataNature": "REAL_PUBLIC_GEODATA",
        "sourceName": "OpenStreetMap",
        "sourceType": "way",
        "sourceId": "274214503",
        "sourceRef": "way/274214503",
        "retrievedAt": "2026-07-18T16:53:33.292Z",
        "name": null,
        "category": "highway_unclassified",
        "geometryOrigin": "original",
        "osmTags": {
          "bridge": "yes",
          "highway": "unclassified",
          "layer": "1"
        },
        "verifiedForDemo": false,
        "verificationNote": "已完成查询边界与原始标签自动校验，待底图目视复核"
      }
    },
    {
      "type": "Feature",
      "geometry": {
        "type": "LineString",
        "coordinates": [
          [
            110.2195609,
            18.6344735
          ],
          [
            110.2196804,
            18.634227
          ]
        ]
      },
      "properties": {
        "dataNature": "REAL_PUBLIC_GEODATA",
        "sourceName": "OpenStreetMap",
        "sourceType": "way",
        "sourceId": "394469816",
        "sourceRef": "way/394469816",
        "retrievedAt": "2026-07-18T16:53:33.292Z",
        "name": null,
        "category": "highway_tertiary",
        "geometryOrigin": "original",
        "osmTags": {
          "highway": "tertiary",
          "tunnel": "yes"
        },
        "verifiedForDemo": false,
        "verificationNote": "已完成查询边界与原始标签自动校验，待底图目视复核"
      }
    },
    {
      "type": "Feature",
      "geometry": {
        "type": "LineString",
        "coordinates": [
          [
            110.2196804,
            18.634227
          ],
          [
            110.219725,
            18.6340453
          ]
        ]
      },
      "properties": {
        "dataNature": "REAL_PUBLIC_GEODATA",
        "sourceName": "OpenStreetMap",
        "sourceType": "way",
        "sourceId": "394469817",
        "sourceRef": "way/394469817",
        "retrievedAt": "2026-07-18T16:53:33.292Z",
        "name": null,
        "category": "highway_tertiary",
        "geometryOrigin": "original",
        "osmTags": {
          "highway": "tertiary"
        },
        "verifiedForDemo": false,
        "verificationNote": "已完成查询边界与原始标签自动校验，待底图目视复核"
      }
    },
    {
      "type": "Feature",
      "geometry": {
        "type": "LineString",
        "coordinates": [
          [
            110.2185958,
            18.6363404
          ],
          [
            110.219158,
            18.6355049
          ],
          [
            110.2192647,
            18.6351089
          ],
          [
            110.2193625,
            18.634814
          ],
          [
            110.2195609,
            18.6344735
          ]
        ]
      },
      "properties": {
        "dataNature": "REAL_PUBLIC_GEODATA",
        "sourceName": "OpenStreetMap",
        "sourceType": "way",
        "sourceId": "394469828",
        "sourceRef": "way/394469828",
        "retrievedAt": "2026-07-18T16:53:33.292Z",
        "name": null,
        "category": "highway_tertiary",
        "geometryOrigin": "original",
        "osmTags": {
          "highway": "tertiary"
        },
        "verifiedForDemo": false,
        "verificationNote": "已完成查询边界与原始标签自动校验，待底图目视复核"
      }
    },
    {
      "type": "Feature",
      "geometry": {
        "type": "LineString",
        "coordinates": [
          [
            110.2184741,
            18.6379474
          ],
          [
            110.2166794,
            18.6367817
          ],
          [
            110.2143461,
            18.6354639
          ]
        ]
      },
      "properties": {
        "dataNature": "REAL_PUBLIC_GEODATA",
        "sourceName": "OpenStreetMap",
        "sourceType": "way",
        "sourceId": "600385928",
        "sourceRef": "way/600385928",
        "retrievedAt": "2026-07-18T16:53:33.292Z",
        "name": "海南东环高速线",
        "category": "named_place",
        "geometryOrigin": "original",
        "osmTags": {
          "alt_name": "海南环岛高铁线东段;海南环岛高铁东段",
          "electrified": "contact_line",
          "frequency": "50",
          "gauge": "1435",
          "highspeed": "yes",
          "loc_name": "海南东环铁路",
          "maxspeed": "250",
          "name": "海南东环高速线",
          "passenger_lines": "2",
          "railway": "rail",
          "railway:traffic_mode": "passenger",
          "ref": "3018",
          "start_date": "2010-12-30",
          "usage": "main",
          "voltage": "25000"
        },
        "verifiedForDemo": false,
        "verificationNote": "已完成查询边界与原始标签自动校验，待底图目视复核"
      }
    },
    {
      "type": "Feature",
      "geometry": {
        "type": "LineString",
        "coordinates": [
          [
            110.2333764,
            18.6513051
          ],
          [
            110.2301756,
            18.647519
          ],
          [
            110.228139,
            18.6456483
          ]
        ]
      },
      "properties": {
        "dataNature": "REAL_PUBLIC_GEODATA",
        "sourceName": "OpenStreetMap",
        "sourceType": "way",
        "sourceId": "600389189",
        "sourceRef": "way/600389189",
        "retrievedAt": "2026-07-18T16:53:33.292Z",
        "name": "海南东环高速线",
        "category": "named_place",
        "geometryOrigin": "original",
        "osmTags": {
          "alt_name": "海南环岛高铁线东段;海南环岛高铁东段",
          "electrified": "contact_line",
          "frequency": "50",
          "gauge": "1435",
          "highspeed": "yes",
          "loc_name": "海南东环铁路",
          "maxspeed": "250",
          "name": "海南东环高速线",
          "passenger_lines": "2",
          "railway": "rail",
          "railway:traffic_mode": "passenger",
          "ref": "3018",
          "start_date": "2010-12-30",
          "usage": "main",
          "voltage": "25000"
        },
        "verifiedForDemo": false,
        "verificationNote": "已完成查询边界与原始标签自动校验，待底图目视复核"
      }
    },
    {
      "type": "Feature",
      "geometry": {
        "type": "LineString",
        "coordinates": [
          [
            110.228139,
            18.6456483
          ],
          [
            110.2261233,
            18.6436422
          ],
          [
            110.2239077,
            18.6417928
          ],
          [
            110.2211678,
            18.6397714
          ],
          [
            110.2184741,
            18.6379474
          ]
        ]
      },
      "properties": {
        "dataNature": "REAL_PUBLIC_GEODATA",
        "sourceName": "OpenStreetMap",
        "sourceType": "way",
        "sourceId": "600389199",
        "sourceRef": "way/600389199",
        "retrievedAt": "2026-07-18T16:53:33.292Z",
        "name": "海南东环高速线",
        "category": "named_place",
        "geometryOrigin": "original",
        "osmTags": {
          "alt_name": "海南环岛高铁线东段;海南环岛高铁东段",
          "electrified": "contact_line",
          "frequency": "50",
          "gauge": "1435",
          "highspeed": "yes",
          "loc_name": "海南东环铁路",
          "maxspeed": "250",
          "name": "海南东环高速线",
          "passenger_lines": "2",
          "railway": "rail",
          "railway:traffic_mode": "passenger",
          "ref": "3018",
          "start_date": "2010-12-30",
          "tunnel": "yes",
          "usage": "main",
          "voltage": "25000"
        },
        "verifiedForDemo": false,
        "verificationNote": "已完成查询边界与原始标签自动校验，待底图目视复核"
      }
    },
    {
      "type": "Feature",
      "geometry": {
        "type": "LineString",
        "coordinates": [
          [
            110.2184465,
            18.6379848
          ],
          [
            110.2166533,
            18.6368201
          ],
          [
            110.2143129,
            18.6354982
          ]
        ]
      },
      "properties": {
        "dataNature": "REAL_PUBLIC_GEODATA",
        "sourceName": "OpenStreetMap",
        "sourceType": "way",
        "sourceId": "627788875",
        "sourceRef": "way/627788875",
        "retrievedAt": "2026-07-18T16:53:33.292Z",
        "name": "海南东环高速线",
        "category": "named_place",
        "geometryOrigin": "original",
        "osmTags": {
          "alt_name": "海南环岛高铁线东段;海南环岛高铁东段",
          "electrified": "contact_line",
          "frequency": "50",
          "gauge": "1435",
          "highspeed": "yes",
          "loc_name": "海南东环铁路",
          "maxspeed": "250",
          "name": "海南东环高速线",
          "passenger_lines": "2",
          "railway": "rail",
          "railway:traffic_mode": "passenger",
          "ref": "3018",
          "start_date": "2010-12-30",
          "usage": "main",
          "voltage": "25000"
        },
        "verifiedForDemo": false,
        "verificationNote": "已完成查询边界与原始标签自动校验，待底图目视复核"
      }
    },
    {
      "type": "Feature",
      "geometry": {
        "type": "LineString",
        "coordinates": [
          [
            110.2281048,
            18.6456804
          ],
          [
            110.2260905,
            18.6436757
          ],
          [
            110.223877,
            18.641828
          ],
          [
            110.221139,
            18.639808
          ],
          [
            110.2184465,
            18.6379848
          ]
        ]
      },
      "properties": {
        "dataNature": "REAL_PUBLIC_GEODATA",
        "sourceName": "OpenStreetMap",
        "sourceType": "way",
        "sourceId": "627788876",
        "sourceRef": "way/627788876",
        "retrievedAt": "2026-07-18T16:53:33.292Z",
        "name": "海南东环高速线",
        "category": "named_place",
        "geometryOrigin": "original",
        "osmTags": {
          "alt_name": "海南环岛高铁线东段;海南环岛高铁东段",
          "electrified": "contact_line",
          "frequency": "50",
          "gauge": "1435",
          "highspeed": "yes",
          "loc_name": "海南东环铁路",
          "maxspeed": "250",
          "name": "海南东环高速线",
          "passenger_lines": "2",
          "railway": "rail",
          "railway:traffic_mode": "passenger",
          "ref": "3018",
          "start_date": "2010-12-30",
          "tunnel": "yes",
          "usage": "main",
          "voltage": "25000"
        },
        "verifiedForDemo": false,
        "verificationNote": "已完成查询边界与原始标签自动校验，待底图目视复核"
      }
    },
    {
      "type": "Feature",
      "geometry": {
        "type": "LineString",
        "coordinates": [
          [
            110.2333372,
            18.6513319
          ],
          [
            110.2301398,
            18.6475496
          ],
          [
            110.2281048,
            18.6456804
          ]
        ]
      },
      "properties": {
        "dataNature": "REAL_PUBLIC_GEODATA",
        "sourceName": "OpenStreetMap",
        "sourceType": "way",
        "sourceId": "627788878",
        "sourceRef": "way/627788878",
        "retrievedAt": "2026-07-18T16:53:33.292Z",
        "name": "海南东环高速线",
        "category": "named_place",
        "geometryOrigin": "original",
        "osmTags": {
          "alt_name": "海南环岛高铁线东段;海南环岛高铁东段",
          "electrified": "contact_line",
          "frequency": "50",
          "gauge": "1435",
          "highspeed": "yes",
          "loc_name": "海南东环铁路",
          "maxspeed": "250",
          "name": "海南东环高速线",
          "passenger_lines": "2",
          "railway": "rail",
          "railway:traffic_mode": "passenger",
          "ref": "3018",
          "start_date": "2010-12-30",
          "usage": "main",
          "voltage": "25000"
        },
        "verifiedForDemo": false,
        "verificationNote": "已完成查询边界与原始标签自动校验，待底图目视复核"
      }
    },
    {
      "type": "Feature",
      "geometry": {
        "type": "LineString",
        "coordinates": [
          [
            110.2175769,
            18.6376422
          ],
          [
            110.2178478,
            18.637261
          ]
        ]
      },
      "properties": {
        "dataNature": "REAL_PUBLIC_GEODATA",
        "sourceName": "OpenStreetMap",
        "sourceType": "way",
        "sourceId": "844022329",
        "sourceRef": "way/844022329",
        "retrievedAt": "2026-07-18T16:53:33.292Z",
        "name": null,
        "category": "highway_unclassified",
        "geometryOrigin": "original",
        "osmTags": {
          "highway": "unclassified",
          "tunnel": "yes"
        },
        "verifiedForDemo": false,
        "verificationNote": "已完成查询边界与原始标签自动校验，待底图目视复核"
      }
    },
    {
      "type": "Feature",
      "geometry": {
        "type": "LineString",
        "coordinates": [
          [
            110.2124083,
            18.6472617
          ],
          [
            110.214715,
            18.6442831
          ],
          [
            110.2148759,
            18.6440087
          ],
          [
            110.2149832,
            18.6436326
          ],
          [
            110.2153802,
            18.6422042
          ],
          [
            110.2157235,
            18.6412385
          ],
          [
            110.2163243,
            18.6395611
          ],
          [
            110.216952,
            18.6385089
          ],
          [
            110.2175769,
            18.6376422
          ]
        ]
      },
      "properties": {
        "dataNature": "REAL_PUBLIC_GEODATA",
        "sourceName": "OpenStreetMap",
        "sourceType": "way",
        "sourceId": "844022330",
        "sourceRef": "way/844022330",
        "retrievedAt": "2026-07-18T16:53:33.292Z",
        "name": null,
        "category": "highway_unclassified",
        "geometryOrigin": "original",
        "osmTags": {
          "highway": "unclassified"
        },
        "verifiedForDemo": false,
        "verificationNote": "已完成查询边界与原始标签自动校验，待底图目视复核"
      }
    },
    {
      "type": "Feature",
      "geometry": {
        "type": "LineString",
        "coordinates": [
          [
            110.2160025,
            18.6321041
          ],
          [
            110.2160159,
            18.6319973
          ],
          [
            110.215973,
            18.6319058
          ],
          [
            110.2158791,
            18.6318194
          ],
          [
            110.2157557,
            18.6317432
          ],
          [
            110.2156511,
            18.6317432
          ],
          [
            110.2155331,
            18.6317533
          ]
        ]
      },
      "properties": {
        "dataNature": "REAL_PUBLIC_GEODATA",
        "sourceName": "OpenStreetMap",
        "sourceType": "way",
        "sourceId": "844022333",
        "sourceRef": "way/844022333",
        "retrievedAt": "2026-07-18T16:53:33.292Z",
        "name": null,
        "category": "highway_unclassified",
        "geometryOrigin": "original",
        "osmTags": {
          "highway": "unclassified"
        },
        "verifiedForDemo": false,
        "verificationNote": "已完成查询边界与原始标签自动校验，待底图目视复核"
      }
    },
    {
      "type": "Feature",
      "geometry": {
        "type": "LineString",
        "coordinates": [
          [
            110.2193899,
            18.6338193
          ],
          [
            110.2193686,
            18.6336291
          ],
          [
            110.2191889,
            18.6334816
          ],
          [
            110.2188671,
            18.6332377
          ],
          [
            110.2185103,
            18.6330547
          ],
          [
            110.2178961,
            18.6328996
          ],
          [
            110.2171719,
            18.6326048
          ],
          [
            110.2164236,
            18.6320838
          ],
          [
            110.2162948,
            18.6321422
          ],
          [
            110.2160025,
            18.6321041
          ],
          [
            110.2158174,
            18.632066
          ],
          [
            110.2156994,
            18.6319999
          ],
          [
            110.215584,
            18.6318499
          ],
          [
            110.2155331,
            18.6317533
          ],
          [
            110.2154285,
            18.6316415
          ],
          [
            110.2152502,
            18.6315685
          ]
        ]
      },
      "properties": {
        "dataNature": "REAL_PUBLIC_GEODATA",
        "sourceName": "OpenStreetMap",
        "sourceType": "way",
        "sourceId": "844022334",
        "sourceRef": "way/844022334",
        "retrievedAt": "2026-07-18T16:53:33.292Z",
        "name": null,
        "category": "highway_unclassified",
        "geometryOrigin": "original",
        "osmTags": {
          "highway": "unclassified"
        },
        "verifiedForDemo": false,
        "verificationNote": "已完成查询边界与原始标签自动校验，待底图目视复核"
      }
    },
    {
      "type": "Feature",
      "geometry": {
        "type": "LineString",
        "coordinates": [
          [
            110.2143129,
            18.6354982
          ],
          [
            110.2140049,
            18.6353032
          ],
          [
            110.2114598,
            18.6338884
          ]
        ]
      },
      "properties": {
        "dataNature": "REAL_PUBLIC_GEODATA",
        "sourceName": "OpenStreetMap",
        "sourceType": "way",
        "sourceId": "860387307",
        "sourceRef": "way/860387307",
        "retrievedAt": "2026-07-18T16:53:33.292Z",
        "name": "海南东环高速线",
        "category": "named_place",
        "geometryOrigin": "original",
        "osmTags": {
          "alt_name": "海南环岛高铁线东段;海南环岛高铁东段",
          "bridge": "yes",
          "electrified": "contact_line",
          "frequency": "50",
          "gauge": "1435",
          "highspeed": "yes",
          "layer": "1",
          "loc_name": "海南东环铁路",
          "maxspeed": "250",
          "name": "海南东环高速线",
          "passenger_lines": "2",
          "railway": "rail",
          "railway:traffic_mode": "passenger",
          "ref": "3018",
          "start_date": "2010-12-30",
          "usage": "main",
          "voltage": "25000"
        },
        "verifiedForDemo": false,
        "verificationNote": "已完成查询边界与原始标签自动校验，待底图目视复核"
      }
    },
    {
      "type": "Feature",
      "geometry": {
        "type": "LineString",
        "coordinates": [
          [
            110.2143461,
            18.6354639
          ],
          [
            110.2140295,
            18.635264
          ],
          [
            110.2114794,
            18.6338464
          ]
        ]
      },
      "properties": {
        "dataNature": "REAL_PUBLIC_GEODATA",
        "sourceName": "OpenStreetMap",
        "sourceType": "way",
        "sourceId": "860387308",
        "sourceRef": "way/860387308",
        "retrievedAt": "2026-07-18T16:53:33.292Z",
        "name": "海南东环高速线",
        "category": "named_place",
        "geometryOrigin": "original",
        "osmTags": {
          "alt_name": "海南环岛高铁线东段;海南环岛高铁东段",
          "bridge": "yes",
          "electrified": "contact_line",
          "frequency": "50",
          "gauge": "1435",
          "highspeed": "yes",
          "layer": "1",
          "loc_name": "海南东环铁路",
          "maxspeed": "250",
          "name": "海南东环高速线",
          "passenger_lines": "2",
          "railway": "rail",
          "railway:traffic_mode": "passenger",
          "ref": "3018",
          "start_date": "2010-12-30",
          "usage": "main",
          "voltage": "25000"
        },
        "verifiedForDemo": false,
        "verificationNote": "已完成查询边界与原始标签自动校验，待底图目视复核"
      }
    },
    {
      "type": "Feature",
      "geometry": {
        "type": "LineString",
        "coordinates": [
          [
            110.2121159,
            18.63384
          ],
          [
            110.2120194,
            18.6340205
          ],
          [
            110.2121213,
            18.6344856
          ],
          [
            110.2121186,
            18.6345466
          ],
          [
            110.2118638,
            18.6355276
          ]
        ]
      },
      "properties": {
        "dataNature": "REAL_PUBLIC_GEODATA",
        "sourceName": "OpenStreetMap",
        "sourceType": "way",
        "sourceId": "1036839387",
        "sourceRef": "way/1036839387",
        "retrievedAt": "2026-07-18T16:53:33.292Z",
        "name": null,
        "category": "highway_unclassified",
        "geometryOrigin": "original",
        "osmTags": {
          "highway": "unclassified"
        },
        "verifiedForDemo": false,
        "verificationNote": "已完成查询边界与原始标签自动校验，待底图目视复核"
      }
    },
    {
      "type": "Feature",
      "geometry": {
        "type": "LineString",
        "coordinates": [
          [
            110.2110323,
            18.6378379
          ],
          [
            110.2114883,
            18.6377566
          ],
          [
            110.2120516,
            18.6375609
          ],
          [
            110.2125183,
            18.6373042
          ],
          [
            110.2125773,
            18.6372915
          ],
          [
            110.2127409,
            18.6372839
          ],
          [
            110.2127972,
            18.6373042
          ]
        ]
      },
      "properties": {
        "dataNature": "REAL_PUBLIC_GEODATA",
        "sourceName": "OpenStreetMap",
        "sourceType": "way",
        "sourceId": "1036839388",
        "sourceRef": "way/1036839388",
        "retrievedAt": "2026-07-18T16:53:33.292Z",
        "name": null,
        "category": "highway_unclassified",
        "geometryOrigin": "original",
        "osmTags": {
          "highway": "unclassified"
        },
        "verifiedForDemo": false,
        "verificationNote": "已完成查询边界与原始标签自动校验，待底图目视复核"
      }
    },
    {
      "type": "Feature",
      "geometry": {
        "type": "LineString",
        "coordinates": [
          [
            110.2131433,
            18.6349937
          ],
          [
            110.2128798,
            18.6349345
          ]
        ]
      },
      "properties": {
        "dataNature": "REAL_PUBLIC_GEODATA",
        "sourceName": "OpenStreetMap",
        "sourceType": "way",
        "sourceId": "1036839390",
        "sourceRef": "way/1036839390",
        "retrievedAt": "2026-07-18T16:53:33.292Z",
        "name": null,
        "category": "highway_unclassified",
        "geometryOrigin": "original",
        "osmTags": {
          "bridge": "yes",
          "highway": "unclassified",
          "layer": "1"
        },
        "verifiedForDemo": false,
        "verificationNote": "已完成查询边界与原始标签自动校验，待底图目视复核"
      }
    },
    {
      "type": "Feature",
      "geometry": {
        "type": "LineString",
        "coordinates": [
          [
            110.2140753,
            18.6354234
          ],
          [
            110.2133256,
            18.6350346
          ],
          [
            110.2131433,
            18.6349937
          ]
        ]
      },
      "properties": {
        "dataNature": "REAL_PUBLIC_GEODATA",
        "sourceName": "OpenStreetMap",
        "sourceType": "way",
        "sourceId": "1036839391",
        "sourceRef": "way/1036839391",
        "retrievedAt": "2026-07-18T16:53:33.292Z",
        "name": null,
        "category": "highway_unclassified",
        "geometryOrigin": "original",
        "osmTags": {
          "highway": "unclassified"
        },
        "verifiedForDemo": false,
        "verificationNote": "已完成查询边界与原始标签自动校验，待底图目视复核"
      }
    },
    {
      "type": "Feature",
      "geometry": {
        "type": "LineString",
        "coordinates": [
          [
            110.2156082,
            18.6322718
          ],
          [
            110.2154553,
            18.6325235
          ],
          [
            110.2153587,
            18.63277
          ],
          [
            110.2153158,
            18.6332453
          ],
          [
            110.2155492,
            18.6341043
          ],
          [
            110.2155089,
            18.6342975
          ],
          [
            110.215407,
            18.634478
          ],
          [
            110.2153614,
            18.6348312
          ]
        ]
      },
      "properties": {
        "dataNature": "REAL_PUBLIC_GEODATA",
        "sourceName": "OpenStreetMap",
        "sourceType": "way",
        "sourceId": "1036839392",
        "sourceRef": "way/1036839392",
        "retrievedAt": "2026-07-18T16:53:33.292Z",
        "name": null,
        "category": "highway_unclassified",
        "geometryOrigin": "original",
        "osmTags": {
          "highway": "unclassified"
        },
        "verifiedForDemo": false,
        "verificationNote": "已完成查询边界与原始标签自动校验，待底图目视复核"
      }
    },
    {
      "type": "Feature",
      "geometry": {
        "type": "LineString",
        "coordinates": [
          [
            110.2169938,
            18.6329216
          ],
          [
            110.2171719,
            18.6326048
          ]
        ]
      },
      "properties": {
        "dataNature": "REAL_PUBLIC_GEODATA",
        "sourceName": "OpenStreetMap",
        "sourceType": "way",
        "sourceId": "1036839393",
        "sourceRef": "way/1036839393",
        "retrievedAt": "2026-07-18T16:53:33.292Z",
        "name": null,
        "category": "highway_unclassified",
        "geometryOrigin": "original",
        "osmTags": {
          "highway": "unclassified"
        },
        "verifiedForDemo": false,
        "verificationNote": "已完成查询边界与原始标签自动校验，待底图目视复核"
      }
    },
    {
      "type": "Feature",
      "geometry": {
        "type": "LineString",
        "coordinates": [
          [
            110.2150899,
            18.6310632
          ],
          [
            110.2146851,
            18.6309048
          ]
        ]
      },
      "properties": {
        "dataNature": "REAL_PUBLIC_GEODATA",
        "sourceName": "OpenStreetMap",
        "sourceType": "way",
        "sourceId": "1036839394",
        "sourceRef": "way/1036839394",
        "retrievedAt": "2026-07-18T16:53:33.292Z",
        "name": null,
        "category": "highway_tertiary",
        "geometryOrigin": "original",
        "osmTags": {
          "bridge": "yes",
          "highway": "tertiary",
          "layer": "1"
        },
        "verifiedForDemo": false,
        "verificationNote": "已完成查询边界与原始标签自动校验，待底图目视复核"
      }
    },
    {
      "type": "Feature",
      "geometry": {
        "type": "LineString",
        "coordinates": [
          [
            110.2216083,
            18.6326022
          ],
          [
            110.2214342,
            18.6331458
          ],
          [
            110.2212387,
            18.6335925
          ],
          [
            110.2209808,
            18.6338986
          ],
          [
            110.220681,
            18.6340106
          ],
          [
            110.2204824,
            18.6340009
          ],
          [
            110.220404,
            18.6341269
          ],
          [
            110.2202361,
            18.6342087
          ],
          [
            110.2200135,
            18.6341412
          ],
          [
            110.219725,
            18.6340453
          ],
          [
            110.2193899,
            18.6338193
          ],
          [
            110.2190929,
            18.6338145
          ],
          [
            110.2179609,
            18.6333079
          ],
          [
            110.2169938,
            18.6329216
          ],
          [
            110.2159895,
            18.6324801
          ],
          [
            110.2156082,
            18.6322718
          ],
          [
            110.2153846,
            18.6321296
          ],
          [
            110.2152502,
            18.6315685
          ],
          [
            110.2151821,
            18.6312309
          ],
          [
            110.2151549,
            18.6311306
          ],
          [
            110.2150899,
            18.6310632
          ]
        ]
      },
      "properties": {
        "dataNature": "REAL_PUBLIC_GEODATA",
        "sourceName": "OpenStreetMap",
        "sourceType": "way",
        "sourceId": "1036839395",
        "sourceRef": "way/1036839395",
        "retrievedAt": "2026-07-18T16:53:33.292Z",
        "name": null,
        "category": "highway_tertiary",
        "geometryOrigin": "original",
        "osmTags": {
          "highway": "tertiary"
        },
        "verifiedForDemo": false,
        "verificationNote": "已完成查询边界与原始标签自动校验，待底图目视复核"
      }
    },
    {
      "type": "Feature",
      "geometry": {
        "type": "LineString",
        "coordinates": [
          [
            110.2139628,
            18.6320084
          ],
          [
            110.2146629,
            18.6322955
          ]
        ]
      },
      "properties": {
        "dataNature": "REAL_PUBLIC_GEODATA",
        "sourceName": "OpenStreetMap",
        "sourceType": "way",
        "sourceId": "1036839396",
        "sourceRef": "way/1036839396",
        "retrievedAt": "2026-07-18T16:53:33.292Z",
        "name": "海南环线高速",
        "category": "highway_motorway",
        "geometryOrigin": "original",
        "osmTags": {
          "bridge": "yes",
          "highway": "motorway",
          "lanes": "2",
          "layer": "1",
          "name": "海南环线高速",
          "name:en": "Hainan Ring Expressway",
          "name:zh": "海南环线高速",
          "name:zh-Hant": "海南環線高速",
          "oneway": "yes",
          "ref": "G98",
          "source": "survey"
        },
        "verifiedForDemo": false,
        "verificationNote": "已完成查询边界与原始标签自动校验，待底图目视复核"
      }
    },
    {
      "type": "Feature",
      "geometry": {
        "type": "LineString",
        "coordinates": [
          [
            110.2146158,
            18.6323964
          ],
          [
            110.2139219,
            18.6321132
          ]
        ]
      },
      "properties": {
        "dataNature": "REAL_PUBLIC_GEODATA",
        "sourceName": "OpenStreetMap",
        "sourceType": "way",
        "sourceId": "1036839397",
        "sourceRef": "way/1036839397",
        "retrievedAt": "2026-07-18T16:53:33.292Z",
        "name": "海南环线高速",
        "category": "highway_motorway",
        "geometryOrigin": "original",
        "osmTags": {
          "bridge": "yes",
          "highway": "motorway",
          "lanes": "2",
          "layer": "1",
          "name": "海南环线高速",
          "name:en": "Hainan Ring Expressway",
          "name:zh": "海南环线高速",
          "name:zh-Hant": "海南環線高速",
          "oneway": "yes",
          "ref": "G98",
          "source": "survey",
          "surface": "asphalt"
        },
        "verifiedForDemo": false,
        "verificationNote": "已完成查询边界与原始标签自动校验，待底图目视复核"
      }
    },
    {
      "type": "Feature",
      "geometry": {
        "type": "LineString",
        "coordinates": [
          [
            110.2121884,
            18.6340688
          ],
          [
            110.2123493,
            18.6339849
          ],
          [
            110.2124459,
            18.6338985
          ],
          [
            110.2125692,
            18.6336951
          ],
          [
            110.2126229,
            18.6336036
          ],
          [
            110.2128214,
            18.6334588
          ],
          [
            110.2129287,
            18.6333393
          ],
          [
            110.2130064,
            18.633258
          ],
          [
            110.2133229,
            18.6327115
          ],
          [
            110.2133739,
            18.6326531
          ],
          [
            110.2136716,
            18.6323303
          ],
          [
            110.213744,
            18.632282
          ],
          [
            110.2138969,
            18.6322668
          ],
          [
            110.213972,
            18.6322261
          ],
          [
            110.2140874,
            18.631949
          ],
          [
            110.2140874,
            18.6318906
          ],
          [
            110.2140471,
            18.6318499
          ],
          [
            110.2137494,
            18.6316974
          ],
          [
            110.2142322,
            18.6307141
          ]
        ]
      },
      "properties": {
        "dataNature": "REAL_PUBLIC_GEODATA",
        "sourceName": "OpenStreetMap",
        "sourceType": "way",
        "sourceId": "1036839400",
        "sourceRef": "way/1036839400",
        "retrievedAt": "2026-07-18T16:53:33.292Z",
        "name": null,
        "category": "highway_unclassified",
        "geometryOrigin": "original",
        "osmTags": {
          "highway": "unclassified"
        },
        "verifiedForDemo": false,
        "verificationNote": "已完成查询边界与原始标签自动校验，待底图目视复核"
      }
    },
    {
      "type": "Feature",
      "geometry": {
        "type": "Polygon",
        "coordinates": [
          [
            [
              110.2155382,
              18.6314393
            ],
            [
              110.2159152,
              18.6316966
            ],
            [
              110.2158703,
              18.6317557
            ],
            [
              110.2159782,
              18.6318294
            ],
            [
              110.2160122,
              18.6317847
            ],
            [
              110.2162986,
              18.6319802
            ],
            [
              110.2163556,
              18.6319053
            ],
            [
              110.216386,
              18.6319261
            ],
            [
              110.2164912,
              18.6317878
            ],
            [
              110.2163454,
              18.6316882
            ],
            [
              110.2162803,
              18.6317738
            ],
            [
              110.2161136,
              18.6316599
            ],
            [
              110.2161402,
              18.6316249
            ],
            [
              110.2160565,
              18.6315677
            ],
            [
              110.2160195,
              18.6316163
            ],
            [
              110.2158361,
              18.6314909
            ],
            [
              110.2158671,
              18.6314501
            ],
            [
              110.215788,
              18.6313961
            ],
            [
              110.215765,
              18.6314263
            ],
            [
              110.2156242,
              18.6313301
            ],
            [
              110.2155956,
              18.6313678
            ],
            [
              110.2155764,
              18.6313547
            ],
            [
              110.2155893,
              18.6313378
            ],
            [
              110.2155619,
              18.6313191
            ],
            [
              110.2155192,
              18.6313752
            ],
            [
              110.2155638,
              18.6314056
            ],
            [
              110.2155382,
              18.6314393
            ]
          ]
        ]
      },
      "properties": {
        "dataNature": "REAL_PUBLIC_GEODATA",
        "sourceName": "OpenStreetMap",
        "sourceType": "way",
        "sourceId": "1196569291",
        "sourceRef": "way/1196569291",
        "retrievedAt": "2026-07-18T16:53:33.292Z",
        "name": null,
        "category": "building_yes",
        "geometryOrigin": "original",
        "osmTags": {
          "building": "yes"
        },
        "verifiedForDemo": false,
        "verificationNote": "已完成查询边界与原始标签自动校验，待底图目视复核"
      }
    },
    {
      "type": "Feature",
      "geometry": {
        "type": "Polygon",
        "coordinates": [
          [
            [
              110.2155867,
              18.6313118
            ],
            [
              110.2157045,
              18.6312802
            ],
            [
              110.2156546,
              18.6311133
            ],
            [
              110.21553,
              18.6311468
            ],
            [
              110.2155372,
              18.6311707
            ],
            [
              110.2154987,
              18.631181
            ],
            [
              110.2155249,
              18.6312686
            ],
            [
              110.2155702,
              18.6312564
            ],
            [
              110.2155867,
              18.6313118
            ]
          ]
        ]
      },
      "properties": {
        "dataNature": "REAL_PUBLIC_GEODATA",
        "sourceName": "OpenStreetMap",
        "sourceType": "way",
        "sourceId": "1196569294",
        "sourceRef": "way/1196569294",
        "retrievedAt": "2026-07-18T16:53:33.292Z",
        "name": null,
        "category": "building_yes",
        "geometryOrigin": "original",
        "osmTags": {
          "building": "yes"
        },
        "verifiedForDemo": false,
        "verificationNote": "已完成查询边界与原始标签自动校验，待底图目视复核"
      }
    },
    {
      "type": "Feature",
      "geometry": {
        "type": "Polygon",
        "coordinates": [
          [
            [
              110.2133827,
              18.6300464
            ],
            [
              110.2135469,
              18.6301148
            ],
            [
              110.2135326,
              18.6301457
            ],
            [
              110.213554,
              18.6301546
            ],
            [
              110.2135204,
              18.6302269
            ],
            [
              110.2135358,
              18.6302333
            ],
            [
              110.213499,
              18.6303121
            ],
            [
              110.2134875,
              18.6303073
            ],
            [
              110.2134359,
              18.6304178
            ],
            [
              110.2133498,
              18.6303817
            ],
            [
              110.2133403,
              18.6304021
            ],
            [
              110.2133588,
              18.6304099
            ],
            [
              110.2133126,
              18.6305086
            ],
            [
              110.2132125,
              18.6304664
            ],
            [
              110.2132221,
              18.630446
            ],
            [
              110.2130027,
              18.6303534
            ],
            [
              110.212997,
              18.6303654
            ],
            [
              110.212913,
              18.6303298
            ],
            [
              110.2128988,
              18.6303597
            ],
            [
              110.2129374,
              18.6303761
            ],
            [
              110.2129222,
              18.6304084
            ],
            [
              110.2129495,
              18.63042
            ],
            [
              110.2129043,
              18.6305154
            ],
            [
              110.2129152,
              18.6305201
            ],
            [
              110.2128609,
              18.6306344
            ],
            [
              110.2128488,
              18.6306292
            ],
            [
              110.2128009,
              18.63073
            ],
            [
              110.2127871,
              18.6307241
            ],
            [
              110.21277,
              18.63076
            ],
            [
              110.2127292,
              18.6307426
            ],
            [
              110.2127163,
              18.6307699
            ],
            [
              110.2128734,
              18.6308369
            ],
            [
              110.2128764,
              18.6308305
            ],
            [
              110.212957,
              18.6308648
            ],
            [
              110.2129504,
              18.6308786
            ],
            [
              110.213017,
              18.6309069
            ],
            [
              110.213012,
              18.6309175
            ],
            [
              110.2130366,
              18.6309279
            ],
            [
              110.2129671,
              18.6310753
            ],
            [
              110.2129438,
              18.6310655
            ],
            [
              110.2129359,
              18.6310823
            ],
            [
              110.2128727,
              18.6310556
            ],
            [
              110.2128598,
              18.6310671
            ],
            [
              110.2127819,
              18.6310364
            ],
            [
              110.212787,
              18.6310248
            ],
            [
              110.2126836,
              18.6309841
            ],
            [
              110.2127138,
              18.6309154
            ],
            [
              110.2126449,
              18.6308883
            ],
            [
              110.2126532,
              18.6308694
            ],
            [
              110.2125315,
              18.6308215
            ],
            [
              110.2125769,
              18.6307178
            ],
            [
              110.2126036,
              18.6307284
            ],
            [
              110.21262,
              18.630691
            ],
            [
              110.2125979,
              18.6306823
            ],
            [
              110.2126551,
              18.630552
            ],
            [
              110.2126436,
              18.6305475
            ],
            [
              110.2126956,
              18.6304294
            ],
            [
              110.212718,
              18.6304383
            ],
            [
              110.2127777,
              18.6303028
            ],
            [
              110.2128005,
              18.6303119
            ],
            [
              110.2128623,
              18.6301718
            ],
            [
              110.212927,
              18.6301974
            ],
            [
              110.2129189,
              18.6302156
            ],
            [
              110.2129603,
              18.630232
            ],
            [
              110.2129677,
              18.6302152
            ],
            [
              110.2130329,
              18.6302411
            ],
            [
              110.2130377,
              18.6302304
            ],
            [
              110.2131407,
              18.6302713
            ],
            [
              110.2131389,
              18.630285
            ],
            [
              110.2132087,
              18.6303137
            ],
            [
              110.2131691,
              18.6304001
            ],
            [
              110.2132308,
              18.6304255
            ],
            [
              110.2132525,
              18.6303782
            ],
            [
              110.2133009,
              18.6303981
            ],
            [
              110.213318,
              18.6303608
            ],
            [
              110.2132299,
              18.6303245
            ],
            [
              110.2132802,
              18.6302151
            ],
            [
              110.213268,
              18.6302101
            ],
            [
              110.2133047,
              18.6301304
            ],
            [
              110.2133176,
              18.6301358
            ],
            [
              110.2133499,
              18.6300658
            ],
            [
              110.2133699,
              18.6300741
            ],
            [
              110.2133827,
              18.6300464
            ]
          ]
        ]
      },
      "properties": {
        "dataNature": "REAL_PUBLIC_GEODATA",
        "sourceName": "OpenStreetMap",
        "sourceType": "way",
        "sourceId": "1196569297",
        "sourceRef": "way/1196569297",
        "retrievedAt": "2026-07-18T16:53:33.292Z",
        "name": null,
        "category": "building_yes",
        "geometryOrigin": "original",
        "osmTags": {
          "building": "yes"
        },
        "verifiedForDemo": false,
        "verificationNote": "已完成查询边界与原始标签自动校验，待底图目视复核"
      }
    },
    {
      "type": "Feature",
      "geometry": {
        "type": "Polygon",
        "coordinates": [
          [
            [
              110.2129446,
              18.6311542
            ],
            [
              110.2129723,
              18.6310949
            ],
            [
              110.2136654,
              18.6313859
            ],
            [
              110.2136377,
              18.6314451
            ],
            [
              110.2129446,
              18.6311542
            ]
          ]
        ]
      },
      "properties": {
        "dataNature": "REAL_PUBLIC_GEODATA",
        "sourceName": "OpenStreetMap",
        "sourceType": "way",
        "sourceId": "1196569298",
        "sourceRef": "way/1196569298",
        "retrievedAt": "2026-07-18T16:53:33.292Z",
        "name": null,
        "category": "building_commercial",
        "geometryOrigin": "original",
        "osmTags": {
          "building": "commercial"
        },
        "verifiedForDemo": false,
        "verificationNote": "已完成查询边界与原始标签自动校验，待底图目视复核"
      }
    },
    {
      "type": "Feature",
      "geometry": {
        "type": "Polygon",
        "coordinates": [
          [
            [
              110.2138769,
              18.6311134
            ],
            [
              110.2139905,
              18.6311642
            ],
            [
              110.2141743,
              18.6307952
            ],
            [
              110.2140608,
              18.6307444
            ],
            [
              110.2138769,
              18.6311134
            ]
          ]
        ]
      },
      "properties": {
        "dataNature": "REAL_PUBLIC_GEODATA",
        "sourceName": "OpenStreetMap",
        "sourceType": "way",
        "sourceId": "1196569300",
        "sourceRef": "way/1196569300",
        "retrievedAt": "2026-07-18T16:53:33.292Z",
        "name": null,
        "category": "building_commercial",
        "geometryOrigin": "original",
        "osmTags": {
          "building": "commercial"
        },
        "verifiedForDemo": false,
        "verificationNote": "已完成查询边界与原始标签自动校验，待底图目视复核"
      }
    },
    {
      "type": "Feature",
      "geometry": {
        "type": "Polygon",
        "coordinates": [
          [
            [
              110.2125691,
              18.6304276
            ],
            [
              110.2127049,
              18.6302156
            ],
            [
              110.2125729,
              18.6301545
            ],
            [
              110.2124083,
              18.6303435
            ],
            [
              110.2125691,
              18.6304276
            ]
          ]
        ]
      },
      "properties": {
        "dataNature": "REAL_PUBLIC_GEODATA",
        "sourceName": "OpenStreetMap",
        "sourceType": "way",
        "sourceId": "1196891173",
        "sourceRef": "way/1196891173",
        "retrievedAt": "2026-07-18T16:53:33.292Z",
        "name": null,
        "category": "building_yes",
        "geometryOrigin": "original",
        "osmTags": {
          "building": "yes"
        },
        "verifiedForDemo": false,
        "verificationNote": "已完成查询边界与原始标签自动校验，待底图目视复核"
      }
    },
    {
      "type": "Feature",
      "geometry": {
        "type": "Polygon",
        "coordinates": [
          [
            [
              110.2122633,
              18.6301638
            ],
            [
              110.2122554,
              18.6301904
            ],
            [
              110.2122571,
              18.6302181
            ],
            [
              110.2122682,
              18.6302436
            ],
            [
              110.2122876,
              18.6302643
            ],
            [
              110.2123126,
              18.6302777
            ],
            [
              110.2123407,
              18.6302827
            ],
            [
              110.2123691,
              18.6302788
            ],
            [
              110.2123947,
              18.6302665
            ],
            [
              110.2124147,
              18.6302471
            ],
            [
              110.212427,
              18.6302226
            ],
            [
              110.2124304,
              18.6301956
            ],
            [
              110.2124244,
              18.6301691
            ],
            [
              110.2124098,
              18.6301457
            ],
            [
              110.2123879,
              18.6301281
            ],
            [
              110.2123608,
              18.630118
            ],
            [
              110.2123316,
              18.6301169
            ],
            [
              110.2123037,
              18.6301249
            ],
            [
              110.21228,
              18.6301411
            ],
            [
              110.2122633,
              18.6301638
            ]
          ]
        ]
      },
      "properties": {
        "dataNature": "REAL_PUBLIC_GEODATA",
        "sourceName": "OpenStreetMap",
        "sourceType": "way",
        "sourceId": "1196891174",
        "sourceRef": "way/1196891174",
        "retrievedAt": "2026-07-18T16:53:33.292Z",
        "name": null,
        "category": "building_yes",
        "geometryOrigin": "original",
        "osmTags": {
          "building": "yes"
        },
        "verifiedForDemo": false,
        "verificationNote": "已完成查询边界与原始标签自动校验，待底图目视复核"
      }
    },
    {
      "type": "Feature",
      "geometry": {
        "type": "Polygon",
        "coordinates": [
          [
            [
              110.2136474,
              18.6309256
            ],
            [
              110.2137536,
              18.6306862
            ],
            [
              110.2139362,
              18.630759
            ],
            [
              110.21383,
              18.6309983
            ],
            [
              110.2136474,
              18.6309256
            ]
          ]
        ]
      },
      "properties": {
        "dataNature": "REAL_PUBLIC_GEODATA",
        "sourceName": "OpenStreetMap",
        "sourceType": "way",
        "sourceId": "1196891183",
        "sourceRef": "way/1196891183",
        "retrievedAt": "2026-07-18T16:53:33.292Z",
        "name": null,
        "category": "natural_water",
        "geometryOrigin": "original",
        "osmTags": {
          "natural": "water"
        },
        "verifiedForDemo": false,
        "verificationNote": "已完成查询边界与原始标签自动校验，待底图目视复核"
      }
    },
    {
      "type": "Feature",
      "geometry": {
        "type": "Polygon",
        "coordinates": [
          [
            [
              110.2164364,
              18.6324237
            ],
            [
              110.2165661,
              18.6325045
            ],
            [
              110.2166031,
              18.6324513
            ],
            [
              110.2166448,
              18.6324773
            ],
            [
              110.2167073,
              18.6323872
            ],
            [
              110.2165922,
              18.6323155
            ],
            [
              110.216579,
              18.6323345
            ],
            [
              110.2165227,
              18.6322994
            ],
            [
              110.2164364,
              18.6324237
            ]
          ]
        ]
      },
      "properties": {
        "dataNature": "REAL_PUBLIC_GEODATA",
        "sourceName": "OpenStreetMap",
        "sourceType": "way",
        "sourceId": "1196891184",
        "sourceRef": "way/1196891184",
        "retrievedAt": "2026-07-18T16:53:33.292Z",
        "name": null,
        "category": "building_house",
        "geometryOrigin": "original",
        "osmTags": {
          "building": "house"
        },
        "verifiedForDemo": false,
        "verificationNote": "已完成查询边界与原始标签自动校验，待底图目视复核"
      }
    },
    {
      "type": "Feature",
      "geometry": {
        "type": "Polygon",
        "coordinates": [
          [
            [
              110.2166508,
              18.6325412
            ],
            [
              110.2167805,
              18.632622
            ],
            [
              110.2168175,
              18.6325687
            ],
            [
              110.2168592,
              18.6325947
            ],
            [
              110.2169217,
              18.6325047
            ],
            [
              110.2168066,
              18.6324329
            ],
            [
              110.2167934,
              18.6324519
            ],
            [
              110.2167371,
              18.6324168
            ],
            [
              110.2166508,
              18.6325412
            ]
          ]
        ]
      },
      "properties": {
        "dataNature": "REAL_PUBLIC_GEODATA",
        "sourceName": "OpenStreetMap",
        "sourceType": "way",
        "sourceId": "1196891185",
        "sourceRef": "way/1196891185",
        "retrievedAt": "2026-07-18T16:53:33.292Z",
        "name": null,
        "category": "building_house",
        "geometryOrigin": "original",
        "osmTags": {
          "building": "house"
        },
        "verifiedForDemo": false,
        "verificationNote": "已完成查询边界与原始标签自动校验，待底图目视复核"
      }
    },
    {
      "type": "Feature",
      "geometry": {
        "type": "Polygon",
        "coordinates": [
          [
            [
              110.2168588,
              18.6326754
            ],
            [
              110.2169885,
              18.6327562
            ],
            [
              110.2170254,
              18.6327029
            ],
            [
              110.2170671,
              18.6327289
            ],
            [
              110.2171296,
              18.6326389
            ],
            [
              110.2170146,
              18.6325671
            ],
            [
              110.2170014,
              18.6325861
            ],
            [
              110.2169451,
              18.632551
            ],
            [
              110.2168588,
              18.6326754
            ]
          ]
        ]
      },
      "properties": {
        "dataNature": "REAL_PUBLIC_GEODATA",
        "sourceName": "OpenStreetMap",
        "sourceType": "way",
        "sourceId": "1196891186",
        "sourceRef": "way/1196891186",
        "retrievedAt": "2026-07-18T16:53:33.292Z",
        "name": null,
        "category": "building_house",
        "geometryOrigin": "original",
        "osmTags": {
          "building": "house"
        },
        "verifiedForDemo": false,
        "verificationNote": "已完成查询边界与原始标签自动校验，待底图目视复核"
      }
    },
    {
      "type": "Feature",
      "geometry": {
        "type": "Polygon",
        "coordinates": [
          [
            [
              110.2172421,
              18.6328778
            ],
            [
              110.2172979,
              18.6327732
            ],
            [
              110.2172841,
              18.6327666
            ],
            [
              110.2173046,
              18.6327282
            ],
            [
              110.2172243,
              18.6326897
            ],
            [
              110.2172095,
              18.6327174
            ],
            [
              110.2171736,
              18.6327002
            ],
            [
              110.2171314,
              18.6327792
            ],
            [
              110.2172244,
              18.6328238
            ],
            [
              110.217205,
              18.6328601
            ],
            [
              110.2172421,
              18.6328778
            ]
          ]
        ]
      },
      "properties": {
        "dataNature": "REAL_PUBLIC_GEODATA",
        "sourceName": "OpenStreetMap",
        "sourceType": "way",
        "sourceId": "1196891187",
        "sourceRef": "way/1196891187",
        "retrievedAt": "2026-07-18T16:53:33.292Z",
        "name": null,
        "category": "building_house",
        "geometryOrigin": "original",
        "osmTags": {
          "building": "house"
        },
        "verifiedForDemo": false,
        "verificationNote": "已完成查询边界与原始标签自动校验，待底图目视复核"
      }
    },
    {
      "type": "Feature",
      "geometry": {
        "type": "Polygon",
        "coordinates": [
          [
            [
              110.2174779,
              18.632978
            ],
            [
              110.2175247,
              18.6328694
            ],
            [
              110.2175104,
              18.6328639
            ],
            [
              110.2175276,
              18.632824
            ],
            [
              110.2174442,
              18.6327918
            ],
            [
              110.2174318,
              18.6328205
            ],
            [
              110.2173946,
              18.6328061
            ],
            [
              110.2173593,
              18.6328881
            ],
            [
              110.2174557,
              18.6329254
            ],
            [
              110.2174395,
              18.6329631
            ],
            [
              110.2174779,
              18.632978
            ]
          ]
        ]
      },
      "properties": {
        "dataNature": "REAL_PUBLIC_GEODATA",
        "sourceName": "OpenStreetMap",
        "sourceType": "way",
        "sourceId": "1196891188",
        "sourceRef": "way/1196891188",
        "retrievedAt": "2026-07-18T16:53:33.292Z",
        "name": null,
        "category": "building_house",
        "geometryOrigin": "original",
        "osmTags": {
          "building": "house"
        },
        "verifiedForDemo": false,
        "verificationNote": "已完成查询边界与原始标签自动校验，待底图目视复核"
      }
    },
    {
      "type": "Feature",
      "geometry": {
        "type": "Polygon",
        "coordinates": [
          [
            [
              110.2177158,
              18.6330678
            ],
            [
              110.2177597,
              18.6329582
            ],
            [
              110.2177452,
              18.632953
            ],
            [
              110.2177613,
              18.6329127
            ],
            [
              110.2176771,
              18.6328825
            ],
            [
              110.2176655,
              18.6329115
            ],
            [
              110.2176279,
              18.632898
            ],
            [
              110.2175948,
              18.6329808
            ],
            [
              110.2176922,
              18.6330158
            ],
            [
              110.217677,
              18.6330538
            ],
            [
              110.2177158,
              18.6330678
            ]
          ]
        ]
      },
      "properties": {
        "dataNature": "REAL_PUBLIC_GEODATA",
        "sourceName": "OpenStreetMap",
        "sourceType": "way",
        "sourceId": "1196891189",
        "sourceRef": "way/1196891189",
        "retrievedAt": "2026-07-18T16:53:33.292Z",
        "name": null,
        "category": "building_house",
        "geometryOrigin": "original",
        "osmTags": {
          "building": "house"
        },
        "verifiedForDemo": false,
        "verificationNote": "已完成查询边界与原始标签自动校验，待底图目视复核"
      }
    },
    {
      "type": "Feature",
      "geometry": {
        "type": "Polygon",
        "coordinates": [
          [
            [
              110.2179479,
              18.6331485
            ],
            [
              110.2179887,
              18.6330378
            ],
            [
              110.2179741,
              18.633033
            ],
            [
              110.2179891,
              18.6329924
            ],
            [
              110.217904,
              18.6329642
            ],
            [
              110.2178932,
              18.6329935
            ],
            [
              110.2178553,
              18.632981
            ],
            [
              110.2178245,
              18.6330646
            ],
            [
              110.2179229,
              18.6330971
            ],
            [
              110.2179087,
              18.6331355
            ],
            [
              110.2179479,
              18.6331485
            ]
          ]
        ]
      },
      "properties": {
        "dataNature": "REAL_PUBLIC_GEODATA",
        "sourceName": "OpenStreetMap",
        "sourceType": "way",
        "sourceId": "1196891190",
        "sourceRef": "way/1196891190",
        "retrievedAt": "2026-07-18T16:53:33.292Z",
        "name": null,
        "category": "building_house",
        "geometryOrigin": "original",
        "osmTags": {
          "building": "house"
        },
        "verifiedForDemo": false,
        "verificationNote": "已完成查询边界与原始标签自动校验，待底图目视复核"
      }
    },
    {
      "type": "Feature",
      "geometry": {
        "type": "Polygon",
        "coordinates": [
          [
            [
              110.218204,
              18.6332139
            ],
            [
              110.2182304,
              18.6330993
            ],
            [
              110.2182153,
              18.6330962
            ],
            [
              110.218225,
              18.6330542
            ],
            [
              110.218137,
              18.633036
            ],
            [
              110.21813,
              18.6330663
            ],
            [
              110.2180907,
              18.6330582
            ],
            [
              110.2180708,
              18.6331447
            ],
            [
              110.2181726,
              18.6331657
            ],
            [
              110.2181634,
              18.6332055
            ],
            [
              110.218204,
              18.6332139
            ]
          ]
        ]
      },
      "properties": {
        "dataNature": "REAL_PUBLIC_GEODATA",
        "sourceName": "OpenStreetMap",
        "sourceType": "way",
        "sourceId": "1196891191",
        "sourceRef": "way/1196891191",
        "retrievedAt": "2026-07-18T16:53:33.292Z",
        "name": null,
        "category": "building_house",
        "geometryOrigin": "original",
        "osmTags": {
          "building": "house"
        },
        "verifiedForDemo": false,
        "verificationNote": "已完成查询边界与原始标签自动校验，待底图目视复核"
      }
    },
    {
      "type": "Feature",
      "geometry": {
        "type": "Polygon",
        "coordinates": [
          [
            [
              110.2184323,
              18.6332889
            ],
            [
              110.2184701,
              18.6331773
            ],
            [
              110.2184554,
              18.6331728
            ],
            [
              110.2184693,
              18.6331318
            ],
            [
              110.2183835,
              18.6331058
            ],
            [
              110.2183735,
              18.6331353
            ],
            [
              110.2183352,
              18.6331237
            ],
            [
              110.2183067,
              18.633208
            ],
            [
              110.2184059,
              18.6332382
            ],
            [
              110.2183928,
              18.6332769
            ],
            [
              110.2184323,
              18.6332889
            ]
          ]
        ]
      },
      "properties": {
        "dataNature": "REAL_PUBLIC_GEODATA",
        "sourceName": "OpenStreetMap",
        "sourceType": "way",
        "sourceId": "1196891192",
        "sourceRef": "way/1196891192",
        "retrievedAt": "2026-07-18T16:53:33.292Z",
        "name": null,
        "category": "building_house",
        "geometryOrigin": "original",
        "osmTags": {
          "building": "house"
        },
        "verifiedForDemo": false,
        "verificationNote": "已完成查询边界与原始标签自动校验，待底图目视复核"
      }
    },
    {
      "type": "Feature",
      "geometry": {
        "type": "Polygon",
        "coordinates": [
          [
            [
              110.2186435,
              18.6333781
            ],
            [
              110.2186874,
              18.6332685
            ],
            [
              110.218673,
              18.6332633
            ],
            [
              110.2186891,
              18.633223
            ],
            [
              110.2186048,
              18.6331928
            ],
            [
              110.2185932,
              18.6332218
            ],
            [
              110.2185556,
              18.6332083
            ],
            [
              110.2185225,
              18.6332911
            ],
            [
              110.2186199,
              18.6333261
            ],
            [
              110.2186047,
              18.6333641
            ],
            [
              110.2186435,
              18.6333781
            ]
          ]
        ]
      },
      "properties": {
        "dataNature": "REAL_PUBLIC_GEODATA",
        "sourceName": "OpenStreetMap",
        "sourceType": "way",
        "sourceId": "1196891193",
        "sourceRef": "way/1196891193",
        "retrievedAt": "2026-07-18T16:53:33.292Z",
        "name": null,
        "category": "building_house",
        "geometryOrigin": "original",
        "osmTags": {
          "building": "house"
        },
        "verifiedForDemo": false,
        "verificationNote": "已完成查询边界与原始标签自动校验，待底图目视复核"
      }
    },
    {
      "type": "Feature",
      "geometry": {
        "type": "Polygon",
        "coordinates": [
          [
            [
              110.218829,
              18.6334896
            ],
            [
              110.2188916,
              18.6333885
            ],
            [
              110.2188783,
              18.6333811
            ],
            [
              110.2189013,
              18.633344
            ],
            [
              110.2188236,
              18.6333007
            ],
            [
              110.2188071,
              18.6333275
            ],
            [
              110.2187724,
              18.6333082
            ],
            [
              110.2187251,
              18.6333845
            ],
            [
              110.2188149,
              18.6334346
            ],
            [
              110.2187932,
              18.6334696
            ],
            [
              110.218829,
              18.6334896
            ]
          ]
        ]
      },
      "properties": {
        "dataNature": "REAL_PUBLIC_GEODATA",
        "sourceName": "OpenStreetMap",
        "sourceType": "way",
        "sourceId": "1196891194",
        "sourceRef": "way/1196891194",
        "retrievedAt": "2026-07-18T16:53:33.292Z",
        "name": null,
        "category": "building_house",
        "geometryOrigin": "original",
        "osmTags": {
          "building": "house"
        },
        "verifiedForDemo": false,
        "verificationNote": "已完成查询边界与原始标签自动校验，待底图目视复核"
      }
    },
    {
      "type": "Feature",
      "geometry": {
        "type": "Polygon",
        "coordinates": [
          [
            [
              110.2190174,
              18.6336225
            ],
            [
              110.2190904,
              18.6335279
            ],
            [
              110.2190779,
              18.6335192
            ],
            [
              110.2191047,
              18.6334845
            ],
            [
              110.219032,
              18.6334341
            ],
            [
              110.2190126,
              18.6334592
            ],
            [
              110.2189802,
              18.6334367
            ],
            [
              110.2189251,
              18.6335082
            ],
            [
              110.2190092,
              18.6335665
            ],
            [
              110.2189839,
              18.6335993
            ],
            [
              110.2190174,
              18.6336225
            ]
          ]
        ]
      },
      "properties": {
        "dataNature": "REAL_PUBLIC_GEODATA",
        "sourceName": "OpenStreetMap",
        "sourceType": "way",
        "sourceId": "1196891195",
        "sourceRef": "way/1196891195",
        "retrievedAt": "2026-07-18T16:53:33.292Z",
        "name": null,
        "category": "building_house",
        "geometryOrigin": "original",
        "osmTags": {
          "building": "house"
        },
        "verifiedForDemo": false,
        "verificationNote": "已完成查询边界与原始标签自动校验，待底图目视复核"
      }
    },
    {
      "type": "Feature",
      "geometry": {
        "type": "Polygon",
        "coordinates": [
          [
            [
              110.2190893,
              18.6336349
            ],
            [
              110.2191778,
              18.6336862
            ],
            [
              110.21922,
              18.6336208
            ],
            [
              110.2191314,
              18.6335695
            ],
            [
              110.2190893,
              18.6336349
            ]
          ]
        ]
      },
      "properties": {
        "dataNature": "REAL_PUBLIC_GEODATA",
        "sourceName": "OpenStreetMap",
        "sourceType": "way",
        "sourceId": "1196891196",
        "sourceRef": "way/1196891196",
        "retrievedAt": "2026-07-18T16:53:33.292Z",
        "name": null,
        "category": "building_yes",
        "geometryOrigin": "original",
        "osmTags": {
          "building": "yes"
        },
        "verifiedForDemo": false,
        "verificationNote": "已完成查询边界与原始标签自动校验，待底图目视复核"
      }
    },
    {
      "type": "Feature",
      "geometry": {
        "type": "Polygon",
        "coordinates": [
          [
            [
              110.2127659,
              18.6327586
            ],
            [
              110.2128271,
              18.6327828
            ],
            [
              110.2128424,
              18.6328045
            ],
            [
              110.2129266,
              18.6328384
            ],
            [
              110.2130491,
              18.6329303
            ],
            [
              110.2131001,
              18.6329375
            ],
            [
              110.2131767,
              18.6328359
            ],
            [
              110.2132073,
              18.6327392
            ],
            [
              110.213141,
              18.6326522
            ],
            [
              110.2131129,
              18.6325917
            ],
            [
              110.2130772,
              18.6325216
            ],
            [
              110.2129777,
              18.6325071
            ],
            [
              110.2129011,
              18.6325289
            ],
            [
              110.2128424,
              18.6324926
            ],
            [
              110.2127506,
              18.6325047
            ],
            [
              110.2127225,
              18.6325748
            ],
            [
              110.2127378,
              18.6326377
            ],
            [
              110.2127659,
              18.6327586
            ]
          ]
        ]
      },
      "properties": {
        "dataNature": "REAL_PUBLIC_GEODATA",
        "sourceName": "OpenStreetMap",
        "sourceType": "way",
        "sourceId": "1196894728",
        "sourceRef": "way/1196894728",
        "retrievedAt": "2026-07-18T16:53:33.292Z",
        "name": null,
        "category": "natural_water",
        "geometryOrigin": "original",
        "osmTags": {
          "natural": "water",
          "water": "pond"
        },
        "verifiedForDemo": false,
        "verificationNote": "已完成查询边界与原始标签自动校验，待底图目视复核"
      }
    },
    {
      "type": "Feature",
      "geometry": {
        "type": "Polygon",
        "coordinates": [
          [
            [
              110.215608,
              18.6341163
            ],
            [
              110.2162437,
              18.6343198
            ],
            [
              110.2165125,
              18.633566
            ],
            [
              110.2164563,
              18.6334741
            ],
            [
              110.2157393,
              18.633167
            ],
            [
              110.2153673,
              18.633261
            ],
            [
              110.215608,
              18.6341163
            ]
          ]
        ]
      },
      "properties": {
        "dataNature": "REAL_PUBLIC_GEODATA",
        "sourceName": "OpenStreetMap",
        "sourceType": "way",
        "sourceId": "1196894730",
        "sourceRef": "way/1196894730",
        "retrievedAt": "2026-07-18T16:53:33.292Z",
        "name": null,
        "category": "natural_water",
        "geometryOrigin": "original",
        "osmTags": {
          "natural": "water",
          "water": "pond"
        },
        "verifiedForDemo": false,
        "verificationNote": "已完成查询边界与原始标签自动校验，待底图目视复核"
      }
    },
    {
      "type": "Feature",
      "geometry": {
        "type": "LineString",
        "coordinates": [
          [
            110.2178478,
            18.637261
          ],
          [
            110.2183789,
            18.6365646
          ],
          [
            110.2185958,
            18.6363404
          ]
        ]
      },
      "properties": {
        "dataNature": "REAL_PUBLIC_GEODATA",
        "sourceName": "OpenStreetMap",
        "sourceType": "way",
        "sourceId": "1299932832",
        "sourceRef": "way/1299932832",
        "retrievedAt": "2026-07-18T16:53:33.292Z",
        "name": null,
        "category": "highway_tertiary",
        "geometryOrigin": "original",
        "osmTags": {
          "highway": "tertiary"
        },
        "verifiedForDemo": false,
        "verificationNote": "已完成查询边界与原始标签自动校验，待底图目视复核"
      }
    },
    {
      "type": "Feature",
      "geometry": {
        "type": "Polygon",
        "coordinates": [
          [
            [
              110.228274,
              18.6513725
            ],
            [
              110.2298338,
              18.6529654
            ],
            [
              110.2296844,
              18.6532087
            ],
            [
              110.2296564,
              18.6537839
            ],
            [
              110.2289232,
              18.6542972
            ],
            [
              110.2286336,
              18.654014
            ],
            [
              110.2282087,
              18.6540229
            ],
            [
              110.2279798,
              18.6533636
            ],
            [
              110.2277043,
              18.6534477
            ],
            [
              110.2274895,
              18.653045
            ],
            [
              110.227709,
              18.6527751
            ],
            [
              110.2275315,
              18.6522353
            ],
            [
              110.228274,
              18.6513725
            ]
          ]
        ]
      },
      "properties": {
        "dataNature": "REAL_PUBLIC_GEODATA",
        "sourceName": "OpenStreetMap",
        "sourceType": "way",
        "sourceId": "1334391354",
        "sourceRef": "way/1334391354",
        "retrievedAt": "2026-07-18T16:53:33.292Z",
        "name": null,
        "category": "natural_water",
        "geometryOrigin": "original",
        "osmTags": {
          "natural": "water"
        },
        "verifiedForDemo": false,
        "verificationNote": "已完成查询边界与原始标签自动校验，待底图目视复核"
      }
    },
    {
      "type": "Feature",
      "geometry": {
        "type": "Polygon",
        "coordinates": [
          [
            [
              110.2443793,
              18.6496715
            ],
            [
              110.2445114,
              18.6497065
            ],
            [
              110.2446477,
              18.6496402
            ],
            [
              110.2431534,
              18.6481178
            ],
            [
              110.2424166,
              18.6474269
            ],
            [
              110.2420881,
              18.6472461
            ],
            [
              110.2403662,
              18.6454549
            ],
            [
              110.2382324,
              18.6431888
            ],
            [
              110.237194,
              18.6418497
            ],
            [
              110.2330682,
              18.6373122
            ],
            [
              110.2270595,
              18.6306543
            ],
            [
              110.2267605,
              18.6311101
            ],
            [
              110.2294322,
              18.6341175
            ],
            [
              110.2307825,
              18.635892
            ],
            [
              110.2326537,
              18.6376752
            ],
            [
              110.2383148,
              18.6438576
            ],
            [
              110.2419218,
              18.6474119
            ],
            [
              110.2421286,
              18.6473689
            ],
            [
              110.2423372,
              18.6474766
            ],
            [
              110.2433806,
              18.6485237
            ],
            [
              110.2443793,
              18.6496715
            ]
          ]
        ]
      },
      "properties": {
        "dataNature": "REAL_PUBLIC_GEODATA",
        "sourceName": "OpenStreetMap",
        "sourceType": "way",
        "sourceId": "1429969811",
        "sourceRef": "way/1429969811",
        "retrievedAt": "2026-07-18T16:53:33.292Z",
        "name": "West Coast Beach",
        "category": "natural_beach",
        "geometryOrigin": "original",
        "osmTags": {
          "name": "West Coast Beach",
          "natural": "beach"
        },
        "verifiedForDemo": false,
        "verificationNote": "已完成查询边界与原始标签自动校验，待底图目视复核"
      }
    },
    {
      "type": "Feature",
      "geometry": {
        "type": "LineString",
        "coordinates": [
          [
            110.2481165,
            18.6555309
          ],
          [
            110.2478407,
            18.6554481
          ]
        ]
      },
      "properties": {
        "dataNature": "REAL_PUBLIC_GEODATA",
        "sourceName": "OpenStreetMap",
        "sourceType": "way",
        "sourceId": "131681602",
        "sourceRef": "way/131681602",
        "retrievedAt": "2026-07-18T16:53:33.292Z",
        "name": null,
        "category": "highway_unclassified",
        "geometryOrigin": "original",
        "osmTags": {
          "highway": "unclassified"
        },
        "verifiedForDemo": false,
        "verificationNote": "已完成查询边界与原始标签自动校验，待底图目视复核"
      }
    },
    {
      "type": "Feature",
      "geometry": {
        "type": "LineString",
        "coordinates": [
          [
            110.2478407,
            18.6554481
          ],
          [
            110.2471372,
            18.6552842
          ]
        ]
      },
      "properties": {
        "dataNature": "REAL_PUBLIC_GEODATA",
        "sourceName": "OpenStreetMap",
        "sourceType": "way",
        "sourceId": "131681603",
        "sourceRef": "way/131681603",
        "retrievedAt": "2026-07-18T16:53:33.292Z",
        "name": null,
        "category": "highway_unclassified",
        "geometryOrigin": "original",
        "osmTags": {
          "bridge": "yes",
          "highway": "unclassified",
          "layer": "1"
        },
        "verifiedForDemo": false,
        "verificationNote": "已完成查询边界与原始标签自动校验，待底图目视复核"
      }
    },
    {
      "type": "Feature",
      "geometry": {
        "type": "LineString",
        "coordinates": [
          [
            110.2476757,
            18.6489526
          ],
          [
            110.2487843,
            18.6497177
          ],
          [
            110.2492104,
            18.650456
          ],
          [
            110.2493815,
            18.6509839
          ],
          [
            110.2494062,
            18.65106
          ],
          [
            110.2495014,
            18.6516497
          ],
          [
            110.2495462,
            18.6521399
          ],
          [
            110.2495228,
            18.6525676
          ]
        ]
      },
      "properties": {
        "dataNature": "REAL_PUBLIC_GEODATA",
        "sourceName": "OpenStreetMap",
        "sourceType": "way",
        "sourceId": "1128013596",
        "sourceRef": "way/1128013596",
        "retrievedAt": "2026-07-18T16:53:33.292Z",
        "name": null,
        "category": "man_made_breakwater",
        "geometryOrigin": "original",
        "osmTags": {
          "man_made": "breakwater"
        },
        "verifiedForDemo": false,
        "verificationNote": "已完成查询边界与原始标签自动校验，待底图目视复核"
      }
    }
  ]
}
